rep,carbon_count_q,carbon_count_a,ring_count_q,ring_count_a,functional_group_q,functional_group_a,bond_type_q,bond_type_a
smiles,Count the number of carbon atoms in CCCCCCCC[Si](Cl)(CC)CCCCCCCC.,18,Count the number of rings in CCCCCCCC[Si](Cl)(CC)CCCCCCCC.,0,Does the molecule CCCCCCCC[Si](Cl)(CC)CCCCCCCC contain a halide functional group?,1,Does the molecule CCCCCCCC[Si](Cl)(CC)CCCCCCCC contain any triple bonds?,0
smiles,Count the number of carbon atoms in CN(C)c1cc(-c2cccc(Br)c2)cnn1.,12,Count the number of rings in CN(C)c1cc(-c2cccc(Br)c2)cnn1.,2,Does the molecule CN(C)c1cc(-c2cccc(Br)c2)cnn1 contain a amide functional group?,0,Does the molecule CN(C)c1cc(-c2cccc(Br)c2)cnn1 contain any aromatic bonds?,1
smiles,Count the number of carbon atoms in COc1cccc(C(C)(CC(=O)O)NC(=O)c2cccn(C)c2=O)c1.,18,Count the number of rings in COc1cccc(C(C)(CC(=O)O)NC(=O)c2cccn(C)c2=O)c1.,2,Does the molecule COc1cccc(C(C)(CC(=O)O)NC(=O)c2cccn(C)c2=O)c1 contain a amine functional group?,1,Does the molecule COc1cccc(C(C)(CC(=O)O)NC(=O)c2cccn(C)c2=O)c1 contain any double bonds?,1
smiles,Count the number of carbon atoms in Cc1cc(F)cc(C(=O)N2CCCC[C@H]2CC(=O)O)c1.,15,Count the number of rings in Cc1cc(F)cc(C(=O)N2CCCC[C@H]2CC(=O)O)c1.,2,Does the molecule Cc1cc(F)cc(C(=O)N2CCCC[C@H]2CC(=O)O)c1 contain a phenol functional group?,0,Does the molecule Cc1cc(F)cc(C(=O)N2CCCC[C@H]2CC(=O)O)c1 contain any triple bonds?,0
smiles,Count the number of carbon atoms in Cc1ccc2c(CNC3CCC(C)CC3)c(C(=O)O)n(Cc3cccc(F)c3)c2c1.,25,Count the number of rings in Cc1ccc2c(CNC3CCC(C)CC3)c(C(=O)O)n(Cc3cccc(F)c3)c2c1.,4,Does the molecule Cc1ccc2c(CNC3CCC(C)CC3)c(C(=O)O)n(Cc3cccc(F)c3)c2c1 contain a amine functional group?,1,Does the molecule Cc1ccc2c(CNC3CCC(C)CC3)c(C(=O)O)n(Cc3cccc(F)c3)c2c1 contain any aromatic bonds?,1
smiles,Count the number of carbon atoms in COc1ccc(CCNC(=O)c2ccc(NC(=O)C[C@@H]3SC(N4CCCCC4)=NC3=O)cc2)cc1OC.,27,Count the number of rings in COc1ccc(CCNC(=O)c2ccc(NC(=O)C[C@@H]3SC(N4CCCCC4)=NC3=O)cc2)cc1OC.,4,Does the molecule COc1ccc(CCNC(=O)c2ccc(NC(=O)C[C@@H]3SC(N4CCCCC4)=NC3=O)cc2)cc1OC contain a alcohol functional group?,0,Does the molecule COc1ccc(CCNC(=O)c2ccc(NC(=O)C[C@@H]3SC(N4CCCCC4)=NC3=O)cc2)cc1OC contain any triple bonds?,0
smiles,Count the number of carbon atoms in CCCCCC1CCC(c2ccccc2)N(C)C1c1ccccc1.,23,Count the number of rings in CCCCCC1CCC(c2ccccc2)N(C)C1c1ccccc1.,3,Does the molecule CCCCCC1CCC(c2ccccc2)N(C)C1c1ccccc1 contain a amine functional group?,1,Does the molecule CCCCCC1CCC(c2ccccc2)N(C)C1c1ccccc1 contain any aromatic bonds?,1
smiles,Count the number of carbon atoms in CC1NC=C(C=O)C1O.,6,Count the number of rings in CC1NC=C(C=O)C1O.,1,Does the molecule CC1NC=C(C=O)C1O contain a carboxylic_acid functional group?,0,Does the molecule CC1NC=C(C=O)C1O contain any triple bonds?,0
smiles,Count the number of carbon atoms in CN1C(=O)C[C@H](C(=O)N2CCC3(CC2)OCCO3)c2ccccc21.,18,Count the number of rings in CN1C(=O)C[C@H](C(=O)N2CCC3(CC2)OCCO3)c2ccccc21.,4,Does the molecule CN1C(=O)C[C@H](C(=O)N2CCC3(CC2)OCCO3)c2ccccc21 contain a amine functional group?,1,Does the molecule CN1C(=O)C[C@H](C(=O)N2CCC3(CC2)OCCO3)c2ccccc21 contain any aromatic bonds?,1
smiles,Count the number of carbon atoms in CCCCCCCCC=CC(=O)C(F)(F)F.,12,Count the number of rings in CCCCCCCCC=CC(=O)C(F)(F)F.,0,Does the molecule CCCCCCCCC=CC(=O)C(F)(F)F contain a phenol functional group?,0,Does the molecule CCCCCCCCC=CC(=O)C(F)(F)F contain any triple bonds?,0
smiles,Count the number of carbon atoms in CNC(=O)C(F)(F)C(F)(F)C(F)(F)C(F)(F)C(F)(F)C(F)(F)F.,8,Count the number of rings in CNC(=O)C(F)(F)C(F)(F)C(F)(F)C(F)(F)C(F)(F)C(F)(F)F.,0,Does the molecule CNC(=O)C(F)(F)C(F)(F)C(F)(F)C(F)(F)C(F)(F)C(F)(F)F contain a amide functional group?,1,Does the molecule CNC(=O)C(F)(F)C(F)(F)C(F)(F)C(F)(F)C(F)(F)C(F)(F)F contain any double bonds?,1
smiles,Count the number of carbon atoms in O=C(Nc1ccc(Cl)cc1F)C1CCN(c2ccc3nnc(C(F)(F)F)n3n2)CC1.,18,Count the number of rings in O=C(Nc1ccc(Cl)cc1F)C1CCN(c2ccc3nnc(C(F)(F)F)n3n2)CC1.,4,Does the molecule O=C(Nc1ccc(Cl)cc1F)C1CCN(c2ccc3nnc(C(F)(F)F)n3n2)CC1 contain a nitro functional group?,0,Does the molecule O=C(Nc1ccc(Cl)cc1F)C1CCN(c2ccc3nnc(C(F)(F)F)n3n2)CC1 contain any triple bonds?,0
smiles,Count the number of carbon atoms in CCN(C(=O)Cn1c(=O)nc(-c2ccccc2)c2cc(Cl)ccc21)c1cccc(C)c1.,25,Count the number of rings in CCN(C(=O)Cn1c(=O)nc(-c2ccccc2)c2cc(Cl)ccc21)c1cccc(C)c1.,4,Does the molecule CCN(C(=O)Cn1c(=O)nc(-c2ccccc2)c2cc(Cl)ccc21)c1cccc(C)c1 contain a ketone functional group?,1,Does the molecule CCN(C(=O)Cn1c(=O)nc(-c2ccccc2)c2cc(Cl)ccc21)c1cccc(C)c1 contain any double bonds?,1
smiles,Count the number of carbon atoms in C#CCC(C)C#CCC.,9,Count the number of rings in C#CCC(C)C#CCC.,0,Does the molecule C#CCC(C)C#CCC contain a ester functional group?,0,Does the molecule C#CCC(C)C#CCC contain any aromatic bonds?,0
smiles,Count the number of carbon atoms in COc1c(O)ccc2c1-c1ccc3c(c1C(=Cc1oc(C)cc1C(=O)N(C)C)O2)C(C)=CC(C)(C)N3.,29,Count the number of rings in COc1c(O)ccc2c1-c1ccc3c(c1C(=Cc1oc(C)cc1C(=O)N(C)C)O2)C(C)=CC(C)(C)N3.,5,Does the molecule COc1c(O)ccc2c1-c1ccc3c(c1C(=Cc1oc(C)cc1C(=O)N(C)C)O2)C(C)=CC(C)(C)N3 contain a alcohol functional group?,1,Does the molecule COc1c(O)ccc2c1-c1ccc3c(c1C(=Cc1oc(C)cc1C(=O)N(C)C)O2)C(C)=CC(C)(C)N3 contain any double bonds?,1
smiles,Count the number of carbon atoms in CONC(=S)NN=C1C(=O)N(CN2CCN(c3cc4c(cc3F)c(=O)c(C(=O)O)cn4C3CC3)CC2)c2ccc(C)cc21.,29,Count the number of rings in CONC(=S)NN=C1C(=O)N(CN2CCN(c3cc4c(cc3F)c(=O)c(C(=O)O)cn4C3CC3)CC2)c2ccc(C)cc21.,6,Does the molecule CONC(=S)NN=C1C(=O)N(CN2CCN(c3cc4c(cc3F)c(=O)c(C(=O)O)cn4C3CC3)CC2)c2ccc(C)cc21 contain a phenol functional group?,0,Does the molecule CONC(=S)NN=C1C(=O)N(CN2CCN(c3cc4c(cc3F)c(=O)c(C(=O)O)cn4C3CC3)CC2)c2ccc(C)cc21 contain any triple bonds?,0
smiles,Count the number of carbon atoms in Cc1ccoc1C(=O)NC[C@H](c1ccccc1)N(C)C.,16,Count the number of rings in Cc1ccoc1C(=O)NC[C@H](c1ccccc1)N(C)C.,2,Does the molecule Cc1ccoc1C(=O)NC[C@H](c1ccccc1)N(C)C contain a amide functional group?,1,Does the molecule Cc1ccoc1C(=O)NC[C@H](c1ccccc1)N(C)C contain any aromatic bonds?,1
smiles,Count the number of carbon atoms in CCC(Br)C(=O)N1CCN(C)C(C)C1.,10,Count the number of rings in CCC(Br)C(=O)N1CCN(C)C(C)C1.,1,Does the molecule CCC(Br)C(=O)N1CCN(C)C(C)C1 contain a ester functional group?,0,Does the molecule CCC(Br)C(=O)N1CCN(C)C(C)C1 contain any aromatic bonds?,0
smiles,Count the number of carbon atoms in CCc1nn(C)c2c(=O)n(CCN3CCCC3=O)cnc12.,14,Count the number of rings in CCc1nn(C)c2c(=O)n(CCN3CCCC3=O)cnc12.,3,Does the molecule CCc1nn(C)c2c(=O)n(CCN3CCCC3=O)cnc12 contain a ketone functional group?,1,Does the molecule CCc1nn(C)c2c(=O)n(CCN3CCCC3=O)cnc12 contain any aromatic bonds?,1
smiles,Count the number of carbon atoms in CCCc1c(C)ccc2nn(C(C)C)c(C(=O)[O-])c12.,15,Count the number of rings in CCCc1c(C)ccc2nn(C(C)C)c(C(=O)[O-])c12.,2,Does the molecule CCCc1c(C)ccc2nn(C(C)C)c(C(=O)[O-])c12 contain a amine functional group?,0,Does the molecule CCCc1c(C)ccc2nn(C(C)C)c(C(=O)[O-])c12 contain any triple bonds?,0
smiles,Count the number of carbon atoms in CCN/C(=N\CC1CCN(c2ccc(F)c(F)c2)C1)NCCCOCC1CC1.,21,Count the number of rings in CCN/C(=N\CC1CCN(c2ccc(F)c(F)c2)C1)NCCCOCC1CC1.,3,Does the molecule CCN/C(=N\CC1CCN(c2ccc(F)c(F)c2)C1)NCCCOCC1CC1 contain a halide functional group?,1,Does the molecule CCN/C(=N\CC1CCN(c2ccc(F)c(F)c2)C1)NCCCOCC1CC1 contain any aromatic bonds?,1
smiles,Count the number of carbon atoms in C=CCOc1ccccc1/C=c1/sc2n(c1=O)[C@@H](c1ccc(OC)c(OCC)c1)C(C(=O)OCC)=C(C)N=2.,29,Count the number of rings in C=CCOc1ccccc1/C=c1/sc2n(c1=O)[C@@H](c1ccc(OC)c(OCC)c1)C(C(=O)OCC)=C(C)N=2.,4,Does the molecule C=CCOc1ccccc1/C=c1/sc2n(c1=O)[C@@H](c1ccc(OC)c(OCC)c1)C(C(=O)OCC)=C(C)N=2 contain a amide functional group?,0,Does the molecule C=CCOc1ccccc1/C=c1/sc2n(c1=O)[C@@H](c1ccc(OC)c(OCC)c1)C(C(=O)OCC)=C(C)N=2 contain any triple bonds?,0
smiles,Count the number of carbon atoms in OC12CCN=C1OC2.,5,Count the number of rings in OC12CCN=C1OC2.,2,Does the molecule OC12CCN=C1OC2 contain a alcohol functional group?,1,Does the molecule OC12CCN=C1OC2 contain any double bonds?,1
smiles,Count the number of carbon atoms in CC1OC(=N)C=C1C=O.,6,Count the number of rings in CC1OC(=N)C=C1C=O.,1,Does the molecule CC1OC(=N)C=C1C=O contain a ester functional group?,0,Does the molecule CC1OC(=N)C=C1C=O contain any triple bonds?,0
smiles,Count the number of carbon atoms in CC(CC1CCCCC1)NCc1cccc(NS(=O)O)c1.,16,Count the number of rings in CC(CC1CCCCC1)NCc1cccc(NS(=O)O)c1.,2,Does the molecule CC(CC1CCCCC1)NCc1cccc(NS(=O)O)c1 contain a alcohol functional group?,1,Does the molecule CC(CC1CCCCC1)NCc1cccc(NS(=O)O)c1 contain any double bonds?,1
smiles,Count the number of carbon atoms in COCCCN1C(=O)C(Nc2ccc(C)cc2)=C(Sc2ccc(NC(=O)c3ccco3)cc2)C1=O.,26,Count the number of rings in COCCCN1C(=O)C(Nc2ccc(C)cc2)=C(Sc2ccc(NC(=O)c3ccco3)cc2)C1=O.,4,Does the molecule COCCCN1C(=O)C(Nc2ccc(C)cc2)=C(Sc2ccc(NC(=O)c3ccco3)cc2)C1=O contain a nitro functional group?,0,Does the molecule COCCCN1C(=O)C(Nc2ccc(C)cc2)=C(Sc2ccc(NC(=O)c3ccco3)cc2)C1=O contain any triple bonds?,0
smiles,Count the number of carbon atoms in CCCN(C)C(=O)CC1COCCN1C(=O)Nc1cccc(SC)c1.,18,Count the number of rings in CCCN(C)C(=O)CC1COCCN1C(=O)Nc1cccc(SC)c1.,2,Does the molecule CCCN(C)C(=O)CC1COCCN1C(=O)Nc1cccc(SC)c1 contain a ketone functional group?,1,Does the molecule CCCN(C)C(=O)CC1COCCN1C(=O)Nc1cccc(SC)c1 contain any double bonds?,1
smiles,Count the number of carbon atoms in N#Cc1cccc(C(=O)NCC2(c3ccccc3)CCOCC2)c1.,20,Count the number of rings in N#Cc1cccc(C(=O)NCC2(c3ccccc3)CCOCC2)c1.,3,Does the molecule N#Cc1cccc(C(=O)NCC2(c3ccccc3)CCOCC2)c1 contain a alcohol functional group?,0,Does the molecule N#Cc1cccc(C(=O)NCC2(c3ccccc3)CCOCC2)c1 contain any double bonds?,1
smiles,Count the number of carbon atoms in Cc1ccc(-c2nc(C(=O)N3CCCC3)c3n2CCCCC3)cc1.,20,Count the number of rings in Cc1ccc(-c2nc(C(=O)N3CCCC3)c3n2CCCCC3)cc1.,4,Does the molecule Cc1ccc(-c2nc(C(=O)N3CCCC3)c3n2CCCCC3)cc1 contain a ketone functional group?,1,Does the molecule Cc1ccc(-c2nc(C(=O)N3CCCC3)c3n2CCCCC3)cc1 contain any triple bonds?,0
smiles,Count the number of carbon atoms in Oc1ccc2ccccc2c1/C=N\Nc1nc2ccccc2[nH]1.,18,Count the number of rings in Oc1ccc2ccccc2c1/C=N\Nc1nc2ccccc2[nH]1.,4,Does the molecule Oc1ccc2ccccc2c1/C=N\Nc1nc2ccccc2[nH]1 contain a halide functional group?,0,Does the molecule Oc1ccc2ccccc2c1/C=N\Nc1nc2ccccc2[nH]1 contain any triple bonds?,0
smiles,Count the number of carbon atoms in CSc1ccccc1C(=O)NC1CCCC1CO.,14,Count the number of rings in CSc1ccccc1C(=O)NC1CCCC1CO.,2,Does the molecule CSc1ccccc1C(=O)NC1CCCC1CO contain a ketone functional group?,1,Does the molecule CSc1ccccc1C(=O)NC1CCCC1CO contain any double bonds?,1
smiles,Count the number of carbon atoms in C#CCC(=O)C(O)CC.,7,Count the number of rings in C#CCC(=O)C(O)CC.,0,Does the molecule C#CCC(=O)C(O)CC contain a ester functional group?,0,Does the molecule C#CCC(=O)C(O)CC contain any aromatic bonds?,0
smiles,Count the number of carbon atoms in CCCN(CCC)C(=O)c1cc(C)cc(C(=O)NC(Cc2cc(F)cc(F)c2)C(O)C2NCCN(CC)C2=O)c1.,30,Count the number of rings in CCCN(CCC)C(=O)c1cc(C)cc(C(=O)NC(Cc2cc(F)cc(F)c2)C(O)C2NCCN(CC)C2=O)c1.,3,Does the molecule CCCN(CCC)C(=O)c1cc(C)cc(C(=O)NC(Cc2cc(F)cc(F)c2)C(O)C2NCCN(CC)C2=O)c1 contain a alcohol functional group?,1,Does the molecule CCCN(CCC)C(=O)c1cc(C)cc(C(=O)NC(Cc2cc(F)cc(F)c2)C(O)C2NCCN(CC)C2=O)c1 contain any double bonds?,1
smiles,Count the number of carbon atoms in CCN(CC)S(=O)(=O)c1ccc(C(=O)Nc2nnc(SCC(=O)Nc3nccs3)s2)cc1.,18,Count the number of rings in CCN(CC)S(=O)(=O)c1ccc(C(=O)Nc2nnc(SCC(=O)Nc3nccs3)s2)cc1.,3,Does the molecule CCN(CC)S(=O)(=O)c1ccc(C(=O)Nc2nnc(SCC(=O)Nc3nccs3)s2)cc1 contain a phenol functional group?,0,Does the molecule CCN(CC)S(=O)(=O)c1ccc(C(=O)Nc2nnc(SCC(=O)Nc3nccs3)s2)cc1 contain any triple bonds?,0
smiles,Count the number of carbon atoms in OCC1=NC2CC2O1.,5,Count the number of rings in OCC1=NC2CC2O1.,2,Does the molecule OCC1=NC2CC2O1 contain a alcohol functional group?,1,Does the molecule OCC1=NC2CC2O1 contain any double bonds?,1
smiles,Count the number of carbon atoms in O=C(C(c1ccccc1)n1cnnn1)N1CCOC2(CCCC2)C1.,17,Count the number of rings in O=C(C(c1ccccc1)n1cnnn1)N1CCOC2(CCCC2)C1.,4,Does the molecule O=C(C(c1ccccc1)n1cnnn1)N1CCOC2(CCCC2)C1 contain a alcohol functional group?,0,Does the molecule O=C(C(c1ccccc1)n1cnnn1)N1CCOC2(CCCC2)C1 contain any triple bonds?,0
smiles,Count the number of carbon atoms in O=C1C=CC(=NS(=O)(=O)c2ccc(C(=O)[O-])cc2)C=C1.,13,Count the number of rings in O=C1C=CC(=NS(=O)(=O)c2ccc(C(=O)[O-])cc2)C=C1.,2,Does the molecule O=C1C=CC(=NS(=O)(=O)c2ccc(C(=O)[O-])cc2)C=C1 contain a ketone functional group?,1,Does the molecule O=C1C=CC(=NS(=O)(=O)c2ccc(C(=O)[O-])cc2)C=C1 contain any aromatic bonds?,1
smiles,Count the number of carbon atoms in Cc1cc(Br)cc2c(C(=O)O)c(O)c(-c3ccc(Cl)cc3)nc12.,17,Count the number of rings in Cc1cc(Br)cc2c(C(=O)O)c(O)c(-c3ccc(Cl)cc3)nc12.,3,Does the molecule Cc1cc(Br)cc2c(C(=O)O)c(O)c(-c3ccc(Cl)cc3)nc12 contain a amine functional group?,0,Does the molecule Cc1cc(Br)cc2c(C(=O)O)c(O)c(-c3ccc(Cl)cc3)nc12 contain any triple bonds?,0
smiles,Count the number of carbon atoms in COc1ccc([C@@H]2CC(=O)C3=C(C2)NC(C)=C(C(=O)OCc2ccccc2)[C@@H]3c2cccc(OCc3ccccc3)c2)cc1OC.,39,Count the number of rings in COc1ccc([C@@H]2CC(=O)C3=C(C2)NC(C)=C(C(=O)OCc2ccccc2)[C@@H]3c2cccc(OCc3ccccc3)c2)cc1OC.,6,Does the molecule COc1ccc([C@@H]2CC(=O)C3=C(C2)NC(C)=C(C(=O)OCc2ccccc2)[C@@H]3c2cccc(OCc3ccccc3)c2)cc1OC contain a ketone functional group?,1,Does the molecule COc1ccc([C@@H]2CC(=O)C3=C(C2)NC(C)=C(C(=O)OCc2ccccc2)[C@@H]3c2cccc(OCc3ccccc3)c2)cc1OC contain any aromatic bonds?,1
smiles,Count the number of carbon atoms in C[C@H](CCC(=O)NNC(=S)NCc1c2ccccc2cc2ccccc12)[C@H]1CC[C@H]2[C@@H]3[C@H](O)C[C@@H]4C[C@H](NC(=S)NCc5c6ccccc6cc6ccccc56)CC[C@]4(C)[C@H]3C[C@H](O)[C@]12C.,56,Count the number of rings in C[C@H](CCC(=O)NNC(=S)NCc1c2ccccc2cc2ccccc12)[C@H]1CC[C@H]2[C@@H]3[C@H](O)C[C@@H]4C[C@H](NC(=S)NCc5c6ccccc6cc6ccccc56)CC[C@]4(C)[C@H]3C[C@H](O)[C@]12C.,10,Does the molecule C[C@H](CCC(=O)NNC(=S)NCc1c2ccccc2cc2ccccc12)[C@H]1CC[C@H]2[C@@H]3[C@H](O)C[C@@H]4C[C@H](NC(=S)NCc5c6ccccc6cc6ccccc56)CC[C@]4(C)[C@H]3C[C@H](O)[C@]12C contain a aldehyde functional group?,0,Does the molecule C[C@H](CCC(=O)NNC(=S)NCc1c2ccccc2cc2ccccc12)[C@H]1CC[C@H]2[C@@H]3[C@H](O)C[C@@H]4C[C@H](NC(=S)NCc5c6ccccc6cc6ccccc56)CC[C@]4(C)[C@H]3C[C@H](O)[C@]12C contain any triple bonds?,0
smiles,Count the number of carbon atoms in COc1ccc(C(=O)N2CCN(Cc3ccccc3C)CC2)cc1OC.,21,Count the number of rings in COc1ccc(C(=O)N2CCN(Cc3ccccc3C)CC2)cc1OC.,3,Does the molecule COc1ccc(C(=O)N2CCN(Cc3ccccc3C)CC2)cc1OC contain a amide functional group?,1,Does the molecule COc1ccc(C(=O)N2CCN(Cc3ccccc3C)CC2)cc1OC contain any double bonds?,1
smiles,Count the number of carbon atoms in O=C(Cn1ncc2c(=O)oc3ccccc3c21)N1CCCN(Cc2ccccc2F)C1.,23,Count the number of rings in O=C(Cn1ncc2c(=O)oc3ccccc3c21)N1CCCN(Cc2ccccc2F)C1.,5,Does the molecule O=C(Cn1ncc2c(=O)oc3ccccc3c21)N1CCCN(Cc2ccccc2F)C1 contain a phenol functional group?,0,Does the molecule O=C(Cn1ncc2c(=O)oc3ccccc3c21)N1CCCN(Cc2ccccc2F)C1 contain any triple bonds?,0
smiles,Count the number of carbon atoms in C[C@@H](CN1CCCC1=O)NC(=O)CCCC(=O)c1ccc(F)cc1.,18,Count the number of rings in C[C@@H](CN1CCCC1=O)NC(=O)CCCC(=O)c1ccc(F)cc1.,2,Does the molecule C[C@@H](CN1CCCC1=O)NC(=O)CCCC(=O)c1ccc(F)cc1 contain a halide functional group?,1,Does the molecule C[C@@H](CN1CCCC1=O)NC(=O)CCCC(=O)c1ccc(F)cc1 contain any aromatic bonds?,1
smiles,Count the number of carbon atoms in Cc1c(Cl)cccc1NC(=O)C[C@@H]1SC(N2CCOCC2)=NC1=O.,16,Count the number of rings in Cc1c(Cl)cccc1NC(=O)C[C@@H]1SC(N2CCOCC2)=NC1=O.,3,Does the molecule Cc1c(Cl)cccc1NC(=O)C[C@@H]1SC(N2CCOCC2)=NC1=O contain a alcohol functional group?,0,Does the molecule Cc1c(Cl)cccc1NC(=O)C[C@@H]1SC(N2CCOCC2)=NC1=O contain any triple bonds?,0
smiles,Count the number of carbon atoms in CN1CCN(C(=O)CN(C)CCNC(=O)C(C)(C)NC(=O)OC(C)(C)C)CC1.,19,Count the number of rings in CN1CCN(C(=O)CN(C)CCNC(=O)C(C)(C)NC(=O)OC(C)(C)C)CC1.,1,Does the molecule CN1CCN(C(=O)CN(C)CCNC(=O)C(C)(C)NC(=O)OC(C)(C)C)CC1 contain a amine functional group?,1,Does the molecule CN1CCN(C(=O)CN(C)CCNC(=O)C(C)(C)NC(=O)OC(C)(C)C)CC1 contain any double bonds?,1
smiles,Count the number of carbon atoms in COC1CC(C)N2CC12.,7,Count the number of rings in COC1CC(C)N2CC12.,2,Does the molecule COC1CC(C)N2CC12 contain a alcohol functional group?,0,Does the molecule COC1CC(C)N2CC12 contain any triple bonds?,0
smiles,Count the number of carbon atoms in CCc1ccc2nc(C)cc(C(=O)NCCc3cscn3)c2c1.,18,Count the number of rings in CCc1ccc2nc(C)cc(C(=O)NCCc3cscn3)c2c1.,3,Does the molecule CCc1ccc2nc(C)cc(C(=O)NCCc3cscn3)c2c1 contain a amine functional group?,1,Does the molecule CCc1ccc2nc(C)cc(C(=O)NCCc3cscn3)c2c1 contain any aromatic bonds?,1
smiles,Count the number of carbon atoms in c1cnc2occc2c1.,7,Count the number of rings in c1cnc2occc2c1.,2,Does the molecule c1cnc2occc2c1 contain a phenol functional group?,0,Does the molecule c1cnc2occc2c1 contain any triple bonds?,0
smiles,Count the number of carbon atoms in CC1(C)C2CCCC1C2.,9,Count the number of rings in CC1(C)C2CCCC1C2.,2,Does the molecule CC1(C)C2CCCC1C2 contain a nitro functional group?,0,Does the molecule CC1(C)C2CCCC1C2 contain any aromatic bonds?,0
smiles,Count the number of carbon atoms in COC(=O)c1c(Br)c(OC)cc(O)c1CSCC(N)c1nc(C)no1.,15,Count the number of rings in COC(=O)c1c(Br)c(OC)cc(O)c1CSCC(N)c1nc(C)no1.,2,Does the molecule COC(=O)c1c(Br)c(OC)cc(O)c1CSCC(N)c1nc(C)no1 contain a phenol functional group?,1,Does the molecule COC(=O)c1c(Br)c(OC)cc(O)c1CSCC(N)c1nc(C)no1 contain any aromatic bonds?,1
smiles,Count the number of carbon atoms in N=c1cc(N)oc(O)c1.,5,Count the number of rings in N=c1cc(N)oc(O)c1.,1,Does the molecule N=c1cc(N)oc(O)c1 contain a phenol functional group?,1,Does the molecule N=c1cc(N)oc(O)c1 contain any double bonds?,1
smiles,Count the number of carbon atoms in CCC(C)C#CCOC.,8,Count the number of rings in CCC(C)C#CCOC.,0,Does the molecule CCC(C)C#CCOC contain a carboxylic_acid functional group?,0,Does the molecule CCC(C)C#CCOC contain any double bonds?,0
smiles,Count the number of carbon atoms in C=C(C)/C(C#N)=N/C=C(\C)N1CCCCC1.CC.NC(=O)c1ccc(C2CC2)cc1.,25,Count the number of rings in C=C(C)/C(C#N)=N/C=C(\C)N1CCCCC1.CC.NC(=O)c1ccc(C2CC2)cc1.,3,Does the molecule C=C(C)/C(C#N)=N/C=C(\C)N1CCCCC1.CC.NC(=O)c1ccc(C2CC2)cc1 contain a amine functional group?,1,Does the molecule C=C(C)/C(C#N)=N/C=C(\C)N1CCCCC1.CC.NC(=O)c1ccc(C2CC2)cc1 contain any triple bonds?,1
smiles,Count the number of carbon atoms in O=C(NCc1ccco1)c1cn(Cc2cccc(F)c2)nc1OCc1cccc(F)c1.,23,Count the number of rings in O=C(NCc1ccco1)c1cn(Cc2cccc(F)c2)nc1OCc1cccc(F)c1.,4,Does the molecule O=C(NCc1ccco1)c1cn(Cc2cccc(F)c2)nc1OCc1cccc(F)c1 contain a carboxylic_acid functional group?,0,Does the molecule O=C(NCc1ccco1)c1cn(Cc2cccc(F)c2)nc1OCc1cccc(F)c1 contain any triple bonds?,0
smiles,Count the number of carbon atoms in Cc1cc(C)cc(-c2nc3cc(NC(=O)c4ccco4)ccc3o2)c1.,20,Count the number of rings in Cc1cc(C)cc(-c2nc3cc(NC(=O)c4ccco4)ccc3o2)c1.,4,Does the molecule Cc1cc(C)cc(-c2nc3cc(NC(=O)c4ccco4)ccc3o2)c1 contain a amide functional group?,1,Does the molecule Cc1cc(C)cc(-c2nc3cc(NC(=O)c4ccco4)ccc3o2)c1 contain any double bonds?,1
smiles,Count the number of carbon atoms in CC#CC(C)N(C)C=O.,7,Count the number of rings in CC#CC(C)N(C)C=O.,0,Does the molecule CC#CC(C)N(C)C=O contain a alcohol functional group?,0,Does the molecule CC#CC(C)N(C)C=O contain any aromatic bonds?,0
smiles,Count the number of carbon atoms in O=C(CC1CC(c2cc(C(F)(F)F)cc(C(F)(F)F)c2)=NO1)Nc1ccc(Cl)cc1.,19,Count the number of rings in O=C(CC1CC(c2cc(C(F)(F)F)cc(C(F)(F)F)c2)=NO1)Nc1ccc(Cl)cc1.,3,Does the molecule O=C(CC1CC(c2cc(C(F)(F)F)cc(C(F)(F)F)c2)=NO1)Nc1ccc(Cl)cc1 contain a ketone functional group?,1,Does the molecule O=C(CC1CC(c2cc(C(F)(F)F)cc(C(F)(F)F)c2)=NO1)Nc1ccc(Cl)cc1 contain any double bonds?,1
smiles,Count the number of carbon atoms in CC1CCC12OC2(C)C.,8,Count the number of rings in CC1CCC12OC2(C)C.,2,Does the molecule CC1CCC12OC2(C)C contain a ketone functional group?,0,Does the molecule CC1CCC12OC2(C)C contain any aromatic bonds?,0
smiles,Count the number of carbon atoms in Cc1n[nH]c(C)c1CCC(=O)NCCn1c(=O)c(=O)[nH]c2ccccc21.,18,Count the number of rings in Cc1n[nH]c(C)c1CCC(=O)NCCn1c(=O)c(=O)[nH]c2ccccc21.,3,Does the molecule Cc1n[nH]c(C)c1CCC(=O)NCCn1c(=O)c(=O)[nH]c2ccccc21 contain a amide functional group?,1,Does the molecule Cc1n[nH]c(C)c1CCC(=O)NCCn1c(=O)c(=O)[nH]c2ccccc21 contain any aromatic bonds?,1
smiles,Count the number of carbon atoms in COc1cc(/C=N/c2sc3c(c2C#N)CC[C@H](C(C)(C)C)C3)ccc1OS(=O)(=O)c1ccc(C)c([N+](=O)[O-])c1.,28,Count the number of rings in COc1cc(/C=N/c2sc3c(c2C#N)CC[C@H](C(C)(C)C)C3)ccc1OS(=O)(=O)c1ccc(C)c([N+](=O)[O-])c1.,4,Does the molecule COc1cc(/C=N/c2sc3c(c2C#N)CC[C@H](C(C)(C)C)C3)ccc1OS(=O)(=O)c1ccc(C)c([N+](=O)[O-])c1 contain a phenol functional group?,0,Does the molecule COc1cc(/C=N/c2sc3c(c2C#N)CC[C@H](C(C)(C)C)C3)ccc1OS(=O)(=O)c1ccc(C)c([N+](=O)[O-])c1 contain any double bonds?,1
smiles,Count the number of carbon atoms in NC(=O)c1cccc2[nH]c(-c3cccc(CN4CCCC4)c3)nc12.,19,Count the number of rings in NC(=O)c1cccc2[nH]c(-c3cccc(CN4CCCC4)c3)nc12.,4,Does the molecule NC(=O)c1cccc2[nH]c(-c3cccc(CN4CCCC4)c3)nc12 contain a ketone functional group?,1,Does the molecule NC(=O)c1cccc2[nH]c(-c3cccc(CN4CCCC4)c3)nc12 contain any triple bonds?,0
smiles,Count the number of carbon atoms in Nc1cc([N+](=O)[O-])on1.,3,Count the number of rings in Nc1cc([N+](=O)[O-])on1.,1,Does the molecule Nc1cc([N+](=O)[O-])on1 contain a nitro functional group?,0,Does the molecule Nc1cc([N+](=O)[O-])on1 contain any triple bonds?,0
smiles,Count the number of carbon atoms in C#CC1CC1(C)CCO.,8,Count the number of rings in C#CC1CC1(C)CCO.,1,Does the molecule C#CC1CC1(C)CCO contain a alcohol functional group?,1,Does the molecule C#CC1CC1(C)CCO contain any triple bonds?,1
smiles,Count the number of carbon atoms in CCN(CC)C(=O)CCN(C(C)=O)c1cc(C)cc(C)c1.,17,Count the number of rings in CCN(CC)C(=O)CCN(C(C)=O)c1cc(C)cc(C)c1.,1,Does the molecule CCN(CC)C(=O)CCN(C(C)=O)c1cc(C)cc(C)c1 contain a aldehyde functional group?,0,Does the molecule CCN(CC)C(=O)CCN(C(C)=O)c1cc(C)cc(C)c1 contain any triple bonds?,0
smiles,Count the number of carbon atoms in CC(N)(CCl)[C-](N)Cl.[Pt].,4,Count the number of rings in CC(N)(CCl)[C-](N)Cl.[Pt].,0,Does the molecule CC(N)(CCl)[C-](N)Cl.[Pt] contain a amine functional group?,1,Does the molecule CC(N)(CCl)[C-](N)Cl.[Pt] contain any aromatic bonds?,0
smiles,Count the number of carbon atoms in COc1cccc(C(=O)N(CC(O)[CH2][Hg])C(=O)O)c1.O.,12,Count the number of rings in COc1cccc(C(=O)N(CC(O)[CH2][Hg])C(=O)O)c1.O.,1,Does the molecule COc1cccc(C(=O)N(CC(O)[CH2][Hg])C(=O)O)c1.O contain a halide functional group?,0,Does the molecule COc1cccc(C(=O)N(CC(O)[CH2][Hg])C(=O)O)c1.O contain any double bonds?,1
smiles,Count the number of carbon atoms in CC1CC2(CO)OC12.,6,Count the number of rings in CC1CC2(CO)OC12.,2,Does the molecule CC1CC2(CO)OC12 contain a alcohol functional group?,1,Does the molecule CC1CC2(CO)OC12 contain any double bonds?,0
smiles,Count the number of carbon atoms in C1OCC(CC2CC2)O1.,7,Count the number of rings in C1OCC(CC2CC2)O1.,2,Does the molecule C1OCC(CC2CC2)O1 contain a alcohol functional group?,0,Does the molecule C1OCC(CC2CC2)O1 contain any double bonds?,0
smiles,Count the number of carbon atoms in CCC1(C)CC1CC=O.,8,Count the number of rings in CCC1(C)CC1CC=O.,1,Does the molecule CCC1(C)CC1CC=O contain a aldehyde functional group?,1,Does the molecule CCC1(C)CC1CC=O contain any double bonds?,1
smiles,Count the number of carbon atoms in Cc1nn(C2CCNCC2)cc1Nc1ncc(Cl)c(-c2cnc3ccccn23)n1.,20,Count the number of rings in Cc1nn(C2CCNCC2)cc1Nc1ncc(Cl)c(-c2cnc3ccccn23)n1.,5,Does the molecule Cc1nn(C2CCNCC2)cc1Nc1ncc(Cl)c(-c2cnc3ccccn23)n1 contain a ketone functional group?,0,Does the molecule Cc1nn(C2CCNCC2)cc1Nc1ncc(Cl)c(-c2cnc3ccccn23)n1 contain any aromatic bonds?,1
smiles,Count the number of carbon atoms in CC[C@H](C(=O)N[C@@H](CC(C)C)c1ccccc1)N(c1ccc(OC)cc1)S(C)(=O)=O.,23,Count the number of rings in CC[C@H](C(=O)N[C@@H](CC(C)C)c1ccccc1)N(c1ccc(OC)cc1)S(C)(=O)=O.,2,Does the molecule CC[C@H](C(=O)N[C@@H](CC(C)C)c1ccccc1)N(c1ccc(OC)cc1)S(C)(=O)=O contain a ketone functional group?,1,Does the molecule CC[C@H](C(=O)N[C@@H](CC(C)C)c1ccccc1)N(c1ccc(OC)cc1)S(C)(=O)=O contain any aromatic bonds?,1
smiles,Count the number of carbon atoms in Cc1cc(OCC2CC2)ncc1B1OC(C)(C)C(C)(C)O1.,16,Count the number of rings in Cc1cc(OCC2CC2)ncc1B1OC(C)(C)C(C)(C)O1.,3,Does the molecule Cc1cc(OCC2CC2)ncc1B1OC(C)(C)C(C)(C)O1 contain a amide functional group?,0,Does the molecule Cc1cc(OCC2CC2)ncc1B1OC(C)(C)C(C)(C)O1 contain any triple bonds?,0
smiles,Count the number of carbon atoms in CNC(=O)C1CC(C)O1.,6,Count the number of rings in CNC(=O)C1CC(C)O1.,1,Does the molecule CNC(=O)C1CC(C)O1 contain a amide functional group?,1,Does the molecule CNC(=O)C1CC(C)O1 contain any double bonds?,1
smiles,Count the number of carbon atoms in CC1C(C)C1(O)C1CN1.,7,Count the number of rings in CC1C(C)C1(O)C1CN1.,2,Does the molecule CC1C(C)C1(O)C1CN1 contain a nitro functional group?,0,Does the molecule CC1C(C)C1(O)C1CN1 contain any aromatic bonds?,0
smiles,Count the number of carbon atoms in OCC1OC(c2nc3ccccc3[nH]2)C(O)C(O)C1O.,13,Count the number of rings in OCC1OC(c2nc3ccccc3[nH]2)C(O)C(O)C1O.,3,Does the molecule OCC1OC(c2nc3ccccc3[nH]2)C(O)C(O)C1O contain a alcohol functional group?,1,Does the molecule OCC1OC(c2nc3ccccc3[nH]2)C(O)C(O)C1O contain any aromatic bonds?,1
smiles,Count the number of carbon atoms in c1ncc(C2CC2)cn1.,7,Count the number of rings in c1ncc(C2CC2)cn1.,2,Does the molecule c1ncc(C2CC2)cn1 contain a nitro functional group?,0,Does the molecule c1ncc(C2CC2)cn1 contain any triple bonds?,0
smiles,Count the number of carbon atoms in CCOC(=O)N1CCN(CC(O)COc2ccc(Oc3ccccc3)cc2)CC1.,22,Count the number of rings in CCOC(=O)N1CCN(CC(O)COc2ccc(Oc3ccccc3)cc2)CC1.,3,Does the molecule CCOC(=O)N1CCN(CC(O)COc2ccc(Oc3ccccc3)cc2)CC1 contain a amide functional group?,1,Does the molecule CCOC(=O)N1CCN(CC(O)COc2ccc(Oc3ccccc3)cc2)CC1 contain any double bonds?,1
smiles,Count the number of carbon atoms in CC(C)C1COC(=O)N1c1ccn2ncc(-c3ccc(-c4nnc(N)s4)cc3)c2n1.,20,Count the number of rings in CC(C)C1COC(=O)N1c1ccn2ncc(-c3ccc(-c4nnc(N)s4)cc3)c2n1.,5,Does the molecule CC(C)C1COC(=O)N1c1ccn2ncc(-c3ccc(-c4nnc(N)s4)cc3)c2n1 contain a nitro functional group?,0,Does the molecule CC(C)C1COC(=O)N1c1ccn2ncc(-c3ccc(-c4nnc(N)s4)cc3)c2n1 contain any triple bonds?,0
smiles,Count the number of carbon atoms in C=CCn1c(SCc2ccc(Br)cc2)nnc(Nc2cc(Cl)ccc2Cl)c1=O.,19,Count the number of rings in C=CCn1c(SCc2ccc(Br)cc2)nnc(Nc2cc(Cl)ccc2Cl)c1=O.,3,Does the molecule C=CCn1c(SCc2ccc(Br)cc2)nnc(Nc2cc(Cl)ccc2Cl)c1=O contain a halide functional group?,1,Does the molecule C=CCn1c(SCc2ccc(Br)cc2)nnc(Nc2cc(Cl)ccc2Cl)c1=O contain any aromatic bonds?,1
smiles,Count the number of carbon atoms in COc1ccccc1Oc1nc(-c2ccccc2)cc(C)c1S(C)(=O)=O.,20,Count the number of rings in COc1ccccc1Oc1nc(-c2ccccc2)cc(C)c1S(C)(=O)=O.,3,Does the molecule COc1ccccc1Oc1nc(-c2ccccc2)cc(C)c1S(C)(=O)=O contain a aldehyde functional group?,0,Does the molecule COc1ccccc1Oc1nc(-c2ccccc2)cc(C)c1S(C)(=O)=O contain any triple bonds?,0
smiles,Count the number of carbon atoms in N#CC12CCC1CC2.,7,Count the number of rings in N#CC12CCC1CC2.,2,Does the molecule N#CC12CCC1CC2 contain a nitro functional group?,0,Does the molecule N#CC12CCC1CC2 contain any triple bonds?,1
smiles,Count the number of carbon atoms in Cc1ccc(F)cc1S(=O)(=O)N1CCC(c2c(C)n(Cc3c(F)cccc3Cl)c3ccccc23)CC1.,28,Count the number of rings in Cc1ccc(F)cc1S(=O)(=O)N1CCC(c2c(C)n(Cc3c(F)cccc3Cl)c3ccccc23)CC1.,5,Does the molecule Cc1ccc(F)cc1S(=O)(=O)N1CCC(c2c(C)n(Cc3c(F)cccc3Cl)c3ccccc23)CC1 contain a halide functional group?,1,Does the molecule Cc1ccc(F)cc1S(=O)(=O)N1CCC(c2c(C)n(Cc3c(F)cccc3Cl)c3ccccc23)CC1 contain any triple bonds?,0
smiles,Count the number of carbon atoms in CCCCCCCCCCOc1ccc(C(=NO)c2cccc(C(=O)O)c2)cc1CCC(=O)O.,27,Count the number of rings in CCCCCCCCCCOc1ccc(C(=NO)c2cccc(C(=O)O)c2)cc1CCC(=O)O.,2,Does the molecule CCCCCCCCCCOc1ccc(C(=NO)c2cccc(C(=O)O)c2)cc1CCC(=O)O contain a alcohol functional group?,1,Does the molecule CCCCCCCCCCOc1ccc(C(=NO)c2cccc(C(=O)O)c2)cc1CCC(=O)O contain any double bonds?,1
smiles,Count the number of carbon atoms in Brc1ccc(C=NNc2nc3ccccc3[nH]2)cc1.,14,Count the number of rings in Brc1ccc(C=NNc2nc3ccccc3[nH]2)cc1.,3,Does the molecule Brc1ccc(C=NNc2nc3ccccc3[nH]2)cc1 contain a alcohol functional group?,0,Does the molecule Brc1ccc(C=NNc2nc3ccccc3[nH]2)cc1 contain any triple bonds?,0
smiles,Count the number of carbon atoms in CC12CC3C4C1C2(C)N34.,8,Count the number of rings in CC12CC3C4C1C2(C)N34.,4,Does the molecule CC12CC3C4C1C2(C)N34 contain a amine functional group?,1,Does the molecule CC12CC3C4C1C2(C)N34 contain any double bonds?,0
smiles,Count the number of carbon atoms in Cc1ccc(CCC(=O)c2cc(Cl)ccc2Cl)cc1C.,17,Count the number of rings in Cc1ccc(CCC(=O)c2cc(Cl)ccc2Cl)cc1C.,2,Does the molecule Cc1ccc(CCC(=O)c2cc(Cl)ccc2Cl)cc1C contain a amide functional group?,0,Does the molecule Cc1ccc(CCC(=O)c2cc(Cl)ccc2Cl)cc1C contain any aromatic bonds?,1
smiles,Count the number of carbon atoms in OC1CC2CCC12.,6,Count the number of rings in OC1CC2CCC12.,2,Does the molecule OC1CC2CCC12 contain a alcohol functional group?,1,Does the molecule OC1CC2CCC12 contain any double bonds?,0
smiles,Count the number of carbon atoms in C1=CC2(N3CC3)CC2C1.,8,Count the number of rings in C1=CC2(N3CC3)CC2C1.,3,Does the molecule C1=CC2(N3CC3)CC2C1 contain a nitro functional group?,0,Does the molecule C1=CC2(N3CC3)CC2C1 contain any double bonds?,1
smiles,Count the number of carbon atoms in CCC1CCCCN1S(=O)(=O)c1ccc(S(=O)(=O)N2CCN(S(=O)(=O)CC)CC2)cc1.,19,Count the number of rings in CCC1CCCCN1S(=O)(=O)c1ccc(S(=O)(=O)N2CCN(S(=O)(=O)CC)CC2)cc1.,3,Does the molecule CCC1CCCCN1S(=O)(=O)c1ccc(S(=O)(=O)N2CCN(S(=O)(=O)CC)CC2)cc1 contain a amine functional group?,1,Does the molecule CCC1CCCCN1S(=O)(=O)c1ccc(S(=O)(=O)N2CCN(S(=O)(=O)CC)CC2)cc1 contain any aromatic bonds?,1
smiles,Count the number of carbon atoms in CC(C)C(=O)N1CCC(C(=O)Nc2ccc(Br)cc2Br)CC1.,16,Count the number of rings in CC(C)C(=O)N1CCC(C(=O)Nc2ccc(Br)cc2Br)CC1.,2,Does the molecule CC(C)C(=O)N1CCC(C(=O)Nc2ccc(Br)cc2Br)CC1 contain a nitro functional group?,0,Does the molecule CC(C)C(=O)N1CCC(C(=O)Nc2ccc(Br)cc2Br)CC1 contain any triple bonds?,0
smiles,Count the number of carbon atoms in Cc1cc(Nc2nn(C(C)C)c(=O)c3cc(N4CCOCC4)ccc23)[nH]n1.,19,Count the number of rings in Cc1cc(Nc2nn(C(C)C)c(=O)c3cc(N4CCOCC4)ccc23)[nH]n1.,4,Does the molecule Cc1cc(Nc2nn(C(C)C)c(=O)c3cc(N4CCOCC4)ccc23)[nH]n1 contain a amine functional group?,1,Does the molecule Cc1cc(Nc2nn(C(C)C)c(=O)c3cc(N4CCOCC4)ccc23)[nH]n1 contain any aromatic bonds?,1
smiles,Count the number of carbon atoms in c1ccc(COc2ccc(-c3cc(C4CCNCC4)[nH]n3)cc2)cc1.,21,Count the number of rings in c1ccc(COc2ccc(-c3cc(C4CCNCC4)[nH]n3)cc2)cc1.,4,Does the molecule c1ccc(COc2ccc(-c3cc(C4CCNCC4)[nH]n3)cc2)cc1 contain a ester functional group?,0,Does the molecule c1ccc(COc2ccc(-c3cc(C4CCNCC4)[nH]n3)cc2)cc1 contain any double bonds?,0
smiles,Count the number of carbon atoms in COc1cc(C(=O)c2c(C)c(CCC#N)n3ccccc23)cc(OC)c1OC.,22,Count the number of rings in COc1cc(C(=O)c2c(C)c(CCC#N)n3ccccc23)cc(OC)c1OC.,3,Does the molecule COc1cc(C(=O)c2c(C)c(CCC#N)n3ccccc23)cc(OC)c1OC contain a ketone functional group?,1,Does the molecule COc1cc(C(=O)c2c(C)c(CCC#N)n3ccccc23)cc(OC)c1OC contain any triple bonds?,1
smiles,Count the number of carbon atoms in C=CCOc1ccccc1C(Nc1cccc(F)c1)C1CCCCC1=O.,22,Count the number of rings in C=CCOc1ccccc1C(Nc1cccc(F)c1)C1CCCCC1=O.,3,Does the molecule C=CCOc1ccccc1C(Nc1cccc(F)c1)C1CCCCC1=O contain a amide functional group?,0,Does the molecule C=CCOc1ccccc1C(Nc1cccc(F)c1)C1CCCCC1=O contain any triple bonds?,0
smiles,Count the number of carbon atoms in O=C(NCCN1CCC2(CC1)C(=O)NCN2c1ccc(Cl)cc1)c1ccc(F)cc1.,22,Count the number of rings in O=C(NCCN1CCC2(CC1)C(=O)NCN2c1ccc(Cl)cc1)c1ccc(F)cc1.,4,Does the molecule O=C(NCCN1CCC2(CC1)C(=O)NCN2c1ccc(Cl)cc1)c1ccc(F)cc1 contain a ketone functional group?,1,Does the molecule O=C(NCCN1CCC2(CC1)C(=O)NCN2c1ccc(Cl)cc1)c1ccc(F)cc1 contain any double bonds?,1
smiles,Count the number of carbon atoms in C=C1CC(COC(C)=O)OC1=O.,8,Count the number of rings in C=C1CC(COC(C)=O)OC1=O.,1,Does the molecule C=C1CC(COC(C)=O)OC1=O contain a alcohol functional group?,0,Does the molecule C=C1CC(COC(C)=O)OC1=O contain any aromatic bonds?,0
smiles,Count the number of carbon atoms in N#Cc1cn(-c2ccc(C(=O)O)cc2)cc1C(=O)NCc1ccccc1.,20,Count the number of rings in N#Cc1cn(-c2ccc(C(=O)O)cc2)cc1C(=O)NCc1ccccc1.,3,Does the molecule N#Cc1cn(-c2ccc(C(=O)O)cc2)cc1C(=O)NCc1ccccc1 contain a ester functional group?,1,Does the molecule N#Cc1cn(-c2ccc(C(=O)O)cc2)cc1C(=O)NCc1ccccc1 contain any aromatic bonds?,1
smiles,Count the number of carbon atoms in OC(c1cccc(Cl)c1)c1cncc(Br)c1.,12,Count the number of rings in OC(c1cccc(Cl)c1)c1cncc(Br)c1.,2,Does the molecule OC(c1cccc(Cl)c1)c1cncc(Br)c1 contain a ketone functional group?,0,Does the molecule OC(c1cccc(Cl)c1)c1cncc(Br)c1 contain any double bonds?,0
smiles,Count the number of carbon atoms in CC(C)(C)c1cccc(CNS(=O)(=O)c2ccc3nc(NC[C@@H]4[C@@H](c5ccccc5)C4(F)F)ccc3c2)n1.,29,Count the number of rings in CC(C)(C)c1cccc(CNS(=O)(=O)c2ccc3nc(NC[C@@H]4[C@@H](c5ccccc5)C4(F)F)ccc3c2)n1.,5,Does the molecule CC(C)(C)c1cccc(CNS(=O)(=O)c2ccc3nc(NC[C@@H]4[C@@H](c5ccccc5)C4(F)F)ccc3c2)n1 contain a amine functional group?,1,Does the molecule CC(C)(C)c1cccc(CNS(=O)(=O)c2ccc3nc(NC[C@@H]4[C@@H](c5ccccc5)C4(F)F)ccc3c2)n1 contain any double bonds?,1
smiles,Count the number of carbon atoms in CCCC[C@H]1C(=O)N(C)[C@@H](CCCC)C(=O)N[C@@H](CC(C)C)C(=O)N[C@H](C(=O)NCC(N)=O)CSCC(=O)N[C@@H](Cc2ccc(OC)cc2)C(=O)N(C)[C@@H](C)C(=O)N[C@@H](CC(=O)O)C(=O)N2CCCC2C(=O)N[C@@H](Cc2cnc[nH]2)C(=O)N[C@@H](CCCCN)C(=O)N2C[C@H](O)C[C@@H]2C(=O)N[C@@H](Cc2c[nH]c3ccccc23)C(=O)N[C@@H](CCCCN)C(=O)N[C@@H](Cc2cn(CC(=O)O)c3ccccc23)C(=O)N1C.,97,Count the number of rings in CCCC[C@H]1C(=O)N(C)[C@@H](CCCC)C(=O)N[C@@H](CC(C)C)C(=O)N[C@H](C(=O)NCC(N)=O)CSCC(=O)N[C@@H](Cc2ccc(OC)cc2)C(=O)N(C)[C@@H](C)C(=O)N[C@@H](CC(=O)O)C(=O)N2CCCC2C(=O)N[C@@H](Cc2cnc[nH]2)C(=O)N[C@@H](CCCCN)C(=O)N2C[C@H](O)C[C@@H]2C(=O)N[C@@H](Cc2c[nH]c3ccccc23)C(=O)N[C@@H](CCCCN)C(=O)N[C@@H](Cc2cn(CC(=O)O)c3ccccc23)C(=O)N1C.,9,Does the molecule CCCC[C@H]1C(=O)N(C)[C@@H](CCCC)C(=O)N[C@@H](CC(C)C)C(=O)N[C@H](C(=O)NCC(N)=O)CSCC(=O)N[C@@H](Cc2ccc(OC)cc2)C(=O)N(C)[C@@H](C)C(=O)N[C@@H](CC(=O)O)C(=O)N2CCCC2C(=O)N[C@@H](Cc2cnc[nH]2)C(=O)N[C@@H](CCCCN)C(=O)N2C[C@H](O)C[C@@H]2C(=O)N[C@@H](Cc2c[nH]c3ccccc23)C(=O)N[C@@H](CCCCN)C(=O)N[C@@H](Cc2cn(CC(=O)O)c3ccccc23)C(=O)N1C contain a halide functional group?,0,Does the molecule CCCC[C@H]1C(=O)N(C)[C@@H](CCCC)C(=O)N[C@@H](CC(C)C)C(=O)N[C@H](C(=O)NCC(N)=O)CSCC(=O)N[C@@H](Cc2ccc(OC)cc2)C(=O)N(C)[C@@H](C)C(=O)N[C@@H](CC(=O)O)C(=O)N2CCCC2C(=O)N[C@@H](Cc2cnc[nH]2)C(=O)N[C@@H](CCCCN)C(=O)N2C[C@H](O)C[C@@H]2C(=O)N[C@@H](Cc2c[nH]c3ccccc23)C(=O)N[C@@H](CCCCN)C(=O)N[C@@H](Cc2cn(CC(=O)O)c3ccccc23)C(=O)N1C contain any triple bonds?,0
smiles,Count the number of carbon atoms in Cc1oc2nc1C(=O)N[C@H](C)c1nc(cs1)C(=O)N[C@H](Cc1ccccc1)CN(C(=O)c1cc(-n3cccn3)ccc1Cl)CC(=O)N[C@H]2C(C)C.,36,Count the number of rings in Cc1oc2nc1C(=O)N[C@H](C)c1nc(cs1)C(=O)N[C@H](Cc1ccccc1)CN(C(=O)c1cc(-n3cccn3)ccc1Cl)CC(=O)N[C@H]2C(C)C.,6,Does the molecule Cc1oc2nc1C(=O)N[C@H](C)c1nc(cs1)C(=O)N[C@H](Cc1ccccc1)CN(C(=O)c1cc(-n3cccn3)ccc1Cl)CC(=O)N[C@H]2C(C)C contain a amine functional group?,1,Does the molecule Cc1oc2nc1C(=O)N[C@H](C)c1nc(cs1)C(=O)N[C@H](Cc1ccccc1)CN(C(=O)c1cc(-n3cccn3)ccc1Cl)CC(=O)N[C@H]2C(C)C contain any aromatic bonds?,1
smiles,Count the number of carbon atoms in CCn1c(SCC(=O)Nc2ccccc2OC)nnc1[C@@H](C)NC(=O)c1ccc(Cl)c(Cl)c1.,22,Count the number of rings in CCn1c(SCC(=O)Nc2ccccc2OC)nnc1[C@@H](C)NC(=O)c1ccc(Cl)c(Cl)c1.,3,Does the molecule CCn1c(SCC(=O)Nc2ccccc2OC)nnc1[C@@H](C)NC(=O)c1ccc(Cl)c(Cl)c1 contain a alcohol functional group?,0,Does the molecule CCn1c(SCC(=O)Nc2ccccc2OC)nnc1[C@@H](C)NC(=O)c1ccc(Cl)c(Cl)c1 contain any triple bonds?,0
smiles,Count the number of carbon atoms in Cn1nccc1[C@@H](O)c1cc2n(n1)CCN(C(=O)C1(c3ccccc3)CC1)C2.,21,Count the number of rings in Cn1nccc1[C@@H](O)c1cc2n(n1)CCN(C(=O)C1(c3ccccc3)CC1)C2.,5,Does the molecule Cn1nccc1[C@@H](O)c1cc2n(n1)CCN(C(=O)C1(c3ccccc3)CC1)C2 contain a amine functional group?,1,Does the molecule Cn1nccc1[C@@H](O)c1cc2n(n1)CCN(C(=O)C1(c3ccccc3)CC1)C2 contain any aromatic bonds?,1
smiles,Count the number of carbon atoms in CCCC[C@@H](CC)C(=O)N1CCN(c2nc(-c3cccc(C)c3)nc(C)c2Cc2ccccc2)CC1.,31,Count the number of rings in CCCC[C@@H](CC)C(=O)N1CCN(c2nc(-c3cccc(C)c3)nc(C)c2Cc2ccccc2)CC1.,4,Does the molecule CCCC[C@@H](CC)C(=O)N1CCN(c2nc(-c3cccc(C)c3)nc(C)c2Cc2ccccc2)CC1 contain a carboxylic_acid functional group?,0,Does the molecule CCCC[C@@H](CC)C(=O)N1CCN(c2nc(-c3cccc(C)c3)nc(C)c2Cc2ccccc2)CC1 contain any triple bonds?,0
smiles,Count the number of carbon atoms in CC(=O)CC1OCC1C.,7,Count the number of rings in CC(=O)CC1OCC1C.,1,Does the molecule CC(=O)CC1OCC1C contain a ketone functional group?,1,Does the molecule CC(=O)CC1OCC1C contain any double bonds?,1
smiles,Count the number of carbon atoms in CC1CNc2[nH]ccc21.,7,Count the number of rings in CC1CNc2[nH]ccc21.,2,Does the molecule CC1CNc2[nH]ccc21 contain a amide functional group?,0,Does the molecule CC1CNc2[nH]ccc21 contain any double bonds?,0
smiles,Count the number of carbon atoms in C#CC(C)OC(C)C#N.,7,Count the number of rings in C#CC(C)OC(C)C#N.,0,Does the molecule C#CC(C)OC(C)C#N contain a ester functional group?,0,Does the molecule C#CC(C)OC(C)C#N contain any triple bonds?,1
smiles,Count the number of carbon atoms in ClC(Cl)Cl.O[C@@]1(c2ccccc2)C(c2ccccc2)=C2C(=C(c3ccccc3)[C@@](O)(c3ccccc3)c3ccccc32)c2ccccc21.,43,Count the number of rings in ClC(Cl)Cl.O[C@@]1(c2ccccc2)C(c2ccccc2)=C2C(=C(c3ccccc3)[C@@](O)(c3ccccc3)c3ccccc32)c2ccccc21.,8,Does the molecule ClC(Cl)Cl.O[C@@]1(c2ccccc2)C(c2ccccc2)=C2C(=C(c3ccccc3)[C@@](O)(c3ccccc3)c3ccccc32)c2ccccc21 contain a halide functional group?,1,Does the molecule ClC(Cl)Cl.O[C@@]1(c2ccccc2)C(c2ccccc2)=C2C(=C(c3ccccc3)[C@@](O)(c3ccccc3)c3ccccc32)c2ccccc21 contain any triple bonds?,0
smiles,Count the number of carbon atoms in CCN/C(=N\CCc1ccco1)N1CCCC(C(=O)OCC)C1.,17,Count the number of rings in CCN/C(=N\CCc1ccco1)N1CCCC(C(=O)OCC)C1.,2,Does the molecule CCN/C(=N\CCc1ccco1)N1CCCC(C(=O)OCC)C1 contain a ester functional group?,1,Does the molecule CCN/C(=N\CCc1ccco1)N1CCCC(C(=O)OCC)C1 contain any double bonds?,1
smiles,Count the number of carbon atoms in CC1(O)C=CC(=O)NC1.,6,Count the number of rings in CC1(O)C=CC(=O)NC1.,1,Does the molecule CC1(O)C=CC(=O)NC1 contain a halide functional group?,0,Does the molecule CC1(O)C=CC(=O)NC1 contain any triple bonds?,0
smiles,Count the number of carbon atoms in N#Cc1c(C(=O)NN2CCCCC2)nn(-c2ccccc2)c1-n1cccc1.,20,Count the number of rings in N#Cc1c(C(=O)NN2CCCCC2)nn(-c2ccccc2)c1-n1cccc1.,4,Does the molecule N#Cc1c(C(=O)NN2CCCCC2)nn(-c2ccccc2)c1-n1cccc1 contain a amide functional group?,1,Does the molecule N#Cc1c(C(=O)NN2CCCCC2)nn(-c2ccccc2)c1-n1cccc1 contain any double bonds?,1
smiles,Count the number of carbon atoms in CCOc1ccc(C(=O)N2CCCO[C@@H](CN3CCOCC3)C2)cc1Cl.,19,Count the number of rings in CCOc1ccc(C(=O)N2CCCO[C@@H](CN3CCOCC3)C2)cc1Cl.,3,Does the molecule CCOc1ccc(C(=O)N2CCCO[C@@H](CN3CCOCC3)C2)cc1Cl contain a nitro functional group?,0,Does the molecule CCOc1ccc(C(=O)N2CCCO[C@@H](CN3CCOCC3)C2)cc1Cl contain any triple bonds?,0
smiles,Count the number of carbon atoms in COCCOc1cc2ncnc(NC3=CC(=O)C(OCc4ccccc4)=CC3=O)c2cc1OC.,25,Count the number of rings in COCCOc1cc2ncnc(NC3=CC(=O)C(OCc4ccccc4)=CC3=O)c2cc1OC.,4,Does the molecule COCCOc1cc2ncnc(NC3=CC(=O)C(OCc4ccccc4)=CC3=O)c2cc1OC contain a amine functional group?,1,Does the molecule COCCOc1cc2ncnc(NC3=CC(=O)C(OCc4ccccc4)=CC3=O)c2cc1OC contain any aromatic bonds?,1
smiles,Count the number of carbon atoms in O=C(NC1Cc2ccccc2C1)N1CCC[C@@H](CCO)CC1.,18,Count the number of rings in O=C(NC1Cc2ccccc2C1)N1CCC[C@@H](CCO)CC1.,3,Does the molecule O=C(NC1Cc2ccccc2C1)N1CCC[C@@H](CCO)CC1 contain a ketone functional group?,0,Does the molecule O=C(NC1Cc2ccccc2C1)N1CCC[C@@H](CCO)CC1 contain any triple bonds?,0
smiles,Count the number of carbon atoms in C[NH2+]CCCC(=O)[O-].,5,Count the number of rings in C[NH2+]CCCC(=O)[O-].,0,Does the molecule C[NH2+]CCCC(=O)[O-] contain a ester functional group?,1,Does the molecule C[NH2+]CCCC(=O)[O-] contain any double bonds?,1
smiles,Count the number of carbon atoms in CCc1c(C)nn(C)c1NC(=O)N1CCCOC(Cn2cccn2)C1.,17,Count the number of rings in CCc1c(C)nn(C)c1NC(=O)N1CCCOC(Cn2cccn2)C1.,3,Does the molecule CCc1c(C)nn(C)c1NC(=O)N1CCCOC(Cn2cccn2)C1 contain a halide functional group?,0,Does the molecule CCc1c(C)nn(C)c1NC(=O)N1CCCOC(Cn2cccn2)C1 contain any triple bonds?,0
smiles,Count the number of carbon atoms in O=C(NCCNc1cc(N2CCCC2)cnn1)c1ccc(=O)oc1.,16,Count the number of rings in O=C(NCCNc1cc(N2CCCC2)cnn1)c1ccc(=O)oc1.,3,Does the molecule O=C(NCCNc1cc(N2CCCC2)cnn1)c1ccc(=O)oc1 contain a amide functional group?,1,Does the molecule O=C(NCCNc1cc(N2CCCC2)cnn1)c1ccc(=O)oc1 contain any double bonds?,1
smiles,Count the number of carbon atoms in Oc1ccc(/C=N/Nc2ccc3ccccc3n2)cc1I.,16,Count the number of rings in Oc1ccc(/C=N/Nc2ccc3ccccc3n2)cc1I.,3,Does the molecule Oc1ccc(/C=N/Nc2ccc3ccccc3n2)cc1I contain a ester functional group?,0,Does the molecule Oc1ccc(/C=N/Nc2ccc3ccccc3n2)cc1I contain any triple bonds?,0
smiles,Count the number of carbon atoms in Cc1cccc([N+](=O)[O-])c1S(=O)(=O)Nc1cccc2c1CCCC2.,17,Count the number of rings in Cc1cccc([N+](=O)[O-])c1S(=O)(=O)Nc1cccc2c1CCCC2.,3,Does the molecule Cc1cccc([N+](=O)[O-])c1S(=O)(=O)Nc1cccc2c1CCCC2 contain a amine functional group?,1,Does the molecule Cc1cccc([N+](=O)[O-])c1S(=O)(=O)Nc1cccc2c1CCCC2 contain any aromatic bonds?,1
smiles,Count the number of carbon atoms in O=C(NCc1ccon1)c1cccc(S(=O)(=O)NCc2ccn[nH]2)c1.,15,Count the number of rings in O=C(NCc1ccon1)c1cccc(S(=O)(=O)NCc2ccn[nH]2)c1.,3,Does the molecule O=C(NCc1ccon1)c1cccc(S(=O)(=O)NCc2ccn[nH]2)c1 contain a alcohol functional group?,0,Does the molecule O=C(NCc1ccon1)c1cccc(S(=O)(=O)NCc2ccn[nH]2)c1 contain any triple bonds?,0
