rep_1,rep_2,question,answer,task
iupac,smiles,"Determine whether 2-[(5-benzyl-1H-1,2,4-triazol-3-yl)sulfanyl]acetic acid and OC(CSc1nnc(Cc2ccccc2)[nH]1)=O refer to the same chemical compound.",1,name_equivalence
iupac,smiles,"Are methyl 3-[[2-[[5-(furan-2-yl)-1,3,4-oxadiazol-2-yl]sulfanyl]acetyl]amino]benzoate and c1(occc1)-c1nnc(SCC(=O)Nc2cccc(C(OC)=O)c2)o1 equivalent representations of the same molecule?",1,name_equivalence
iupac,smiles,"Determine whether 2-amino-3-[5-(2,4-dichlorophenyl)-1,2,4-oxadiazol-3-yl]-1-pyrrolidin-1-ylbutan-1-one and CCN/C(=N\CC(=O)NC(C)(C)C)NCC(c1ccco1)N(CC)CC refer to the same chemical compound.",0,name_equivalence
iupac,smiles,"Do these two representations, 6-[(3-chlorophenyl)methylsulfanyl]-1,5-dihydropyrazolo[5,4-d]pyrimidin-4-one and S(c1nc(=O)c2c([nH]1)n[nH]c2)Cc1cc(ccc1)Cl, describe the same molecule?",1,name_equivalence
iupac,smiles,Do the two chemical representations 3-[[2-(4-chlorophenyl)acetyl]amino]-4-methylpentanoic acid and O=C(Cc1ccc(Cl)cc1)NC(CC(O)=O)C(C)C describe the same molecule?,1,name_equivalence
iupac,smiles,"Do these two representations, 3-hydroxy-N-(2-methylphenyl)-4-[(3-methyl-2-pyridinyl)methylamino]pyrrolidine-1-carboxamide and c1c(NC(=O)N2CC(NCc3c(C)cccn3)C(O)C2)c(ccc1)C, describe the same molecule?",1,name_equivalence
iupac,smiles,"Do these two representations, 1-tricyclo[4.1.0.02,4]heptanylmethanol and c1ccc(-c2ccc(-c3ccc(N(c4ccccc4)c4ccc(-c5ccc(N(c6ccccc6)c6ccc(-n7nc8ccccc8n7)cc6)cc5)cc4)cc3)cc2)cc1.c1ccc(N(c2ccc(-c3ccc(-c4ccc(N(c5ccccc5)c5ccc(-c6ccc(-n7nc8ccccc8n7)cc6)cc5)cc4)cc3)cc2)c2ccc(-c3ccc(-n4nc5ccccc5n4)cc3)cc2)cc1.c1ccc(N(c2ccc(-c3ccc(N(c4ccccc4)c4ccc(-n5nc6ccccc6n5)cc4)cc3)cc2)c2ccc(-n3nc4ccccc4n3)cc2)cc1, describe the same molecule?",0,name_equivalence
iupac,smiles,Verify whether 6-bromo-2-imino-N-[(4-methylphenyl)methyl]chromene-3-carboxamide and NCC(C(=O)Cc1c(F)ccc(Br)c1F)c1ccccc1 correspond to an identical molecule.,0,name_equivalence
iupac,smiles,"Do these two representations, 6-methylpyrazin-2-amine and n1c(N)cncc1C, describe the same molecule?",1,name_equivalence
iupac,smiles,"Determine whether 2,4-dimethyl-3-(6-morpholin-4-ylhexoxy)-2H-thiophen-5-one and C1N(CCCCCCOC2=C(C)C(SC2C)=O)CCOC1 refer to the same chemical compound.",1,name_equivalence
iupac,smiles,"Are the chemical entities represented by N-[2-[[5-(2,2-dimethylpropanoyl)-1,3-thiazol-2-yl]-ethylamino]ethyl]-5-methylsulfonyl-2-propan-2-yloxybenzamide and CS(=O)(=O)c1cc(C(NCCN(CC)c2ncc(s2)C(=O)C(C)(C)C)=O)c(cc1)OC(C)C the same?",1,name_equivalence
iupac,smiles,Is the molecule described by 1-[[5-(2-fluorophenyl)thiophen-2-yl]methyl]-3-[2-(morpholin-4-ylmethyl)phenyl]-1-propan-2-ylurea identical to the one described by Brc1ncccc1Cn1ccnc1?,0,name_equivalence
iupac,smiles,Determine whether 2-methyl-6-[4-(2-methylbutyl)cyclohexyl]naphthalene and CC(C)COc1ccc(NC(=O)Cc2cn3cc(C(F)(F)F)cc(Cl)c3n2)cc1 refer to the same chemical compound.,0,name_equivalence
smiles,iupac,"Do COc1ccc(OC)c(CNc2nc3c(C)cccc3cc2-c2noc(C)n2)c1 and N-[(2,5-dimethoxyphenyl)methyl]-8-methyl-3-(5-methyl-1,2,4-oxadiazol-3-yl)quinolin-2-amine correspond to the same molecular structure?",1,name_equivalence
iupac,smiles,Assess whether (2S)-2-(2-chloro-5-methylphenoxy)-N-[[6-(dimethylamino)-3-pyridinyl]methyl]propanamide and O=C(C1=C(O)C(=O)N(Cc2ccco2)[C@@H]1c1cccc(F)c1)c1ccc(Cl)cc1 denote the same chemical substance.,0,name_equivalence
iupac,smiles,"Verify whether N-[[5-cyclopropyl-1-(3-methyl-1,1-dioxothiolan-3-yl)pyrazol-4-yl]methyl]ethanamine and C(NCC)c1c(C2CC2)n(nc1)C1(C)CS(=O)(=O)CC1 correspond to an identical molecule.",1,name_equivalence
smiles,iupac,"Are the chemical entities represented by Cc1nc(-c2ccc(OCC(C)C)c(F)c2)[se]c1C(=O)O and 2-[3-fluoro-4-(2-methylpropoxy)phenyl]-4-methyl-1,3-selenazole-5-carboxylic acid the same?",1,name_equivalence
smiles,iupac,"Do these two representations, SC(S)(CC1CS1)SC(CC(SC(S)(S)CC1CS1)SC(S)(S)CC1CS1)SC(S)(S)CC1CS1 and 2-(thiiran-2-yl)-1-[1,3,3-tris[[1,1-bis(sulfanyl)-2-(thiiran-2-yl)ethyl]sulfanyl]propylsulfanyl]ethane-1,1-dithiol, describe the same molecule?",1,name_equivalence
smiles,iupac,Are the chemical entities represented by OCc1cc(F)ncc1-c1ccccc1F and [2-fluoro-5-(2-fluorophenyl)-4-pyridinyl]methanol the same?,0,name_equivalence
iupac,smiles,"Determine whether methyl (2S)-2-(4,5-dihydro-1,3-thiazol-2-ylsulfanyl)propanoate and C(OC)(=O)[C@@H](SC1=NCCS1)C refer to the same chemical compound.",1,name_equivalence
iupac,smiles,"Do N-[[(3S)-2,3-dihydro-1,4-benzodioxin-3-yl]methyl]-3-methyl-6-(4-methylphenyl)-[1,2]oxazolo[5,4-b]pyridine-4-carboxamide and n1c(cc(C(=O)NC[C@H]2COc3ccccc3O2)c2c1onc2C)-c1ccc(cc1)C correspond to the same molecular structure?",1,name_equivalence
iupac,smiles,"Verify whether N-[2-(2,3-dihydro-1,4-benzodioxin-6-yl)ethyl]-2-(2-oxopyrimidin-1-yl)acetamide and COc1cccc(NC(=O)[C@H]2C[C@@H]2c2ccc3c(c2)OCCO3)c1 correspond to an identical molecule.",0,name_equivalence
iupac,smiles,"Do these two representations, 3-[4-[6-fluoro-9-(4-fluorophenyl)-3,4,4a,9a-tetrahydro-1H-pyrido[3,4-b]indol-2-yl]butyl]imidazolidine-2,4-dione and CCC12COC(=N)N1C2, describe the same molecule?",0,name_equivalence
smiles,iupac,"Do these two representations, CCN(C(=O)c1ccc(CNc2nc(Nc3ccccc3)nc(N3CCc4cc(OC)c(OC)cc4C3)n2)cc1)c1cccc(C)c1 and 4-[[[4-anilino-6-(6,7-dimethoxy-3,4-dihydro-1H-isoquinolin-2-yl)-1,3,5-triazin-2-yl]amino]methyl]-N-ethyl-N-(3-methylphenyl)benzamide, describe the same molecule?",0,name_equivalence
iupac,smiles,"Are (2-oxo-1-phenyl-3-prop-2-enyl-1,8-naphthyridin-4-yl) acetate and COc1cccc(OCc2ccc(C(=O)NCCCc3nnc4ccccn34)o2)c1 equivalent representations of the same molecule?",0,name_equivalence
iupac,smiles,"Do the two chemical representations (1R,6R,7S)-7-ethenyl-4,4,11,11-tetramethyl-3,5,10,12-tetraoxatricyclo[7.3.0.02,6]dodecane and O=CC1C(CO)N1C=O describe the same molecule?",0,name_equivalence
iupac,smiles,"Given 5-(3-fluorophenyl)-10-(hydroxymethyl)-12-(3-methylphenyl)sulfonyl-6-oxo-7,12-diazatricyclo[7.2.1.02,7]dodeca-2,4-diene-11-carboxylic acid and c12n(CC3C(CO)C(C(=O)O)C1N3S(=O)(=O)c1cc(C)ccc1)c(=O)c(-c1cccc(c1)F)cc2, determine if they describe the same molecular structure.",1,name_equivalence
iupac,smiles,"Is the molecule described by 3-(2,3,3a,4,5,6,7,7a-octahydro-1-benzofuran-4-ylamino)-1-(2-methoxyphenyl)pyrrolidin-2-one identical to the one described by Nc1ncnc2ncn(C3CC(O)C(O)C(CO)O3)c12?",0,name_equivalence
smiles,iupac,Verify whether COc1ccccc1O and 2-methoxyphenol correspond to an identical molecule.,0,name_equivalence
iupac,smiles,Are the chemical entities represented by 1-(2H-triazol-4-yl)cyclopropan-1-ol and Cc1cscc1C(=O)NC[C@@H](O)C(C)C the same?,0,name_equivalence
smiles,iupac,"Are the chemical entities represented by CCOC(=O)[C@H]1[C@H]2NC(=S)N(c3cccc(C)c3)[C@@]1(C)Oc1ccc(Cl)cc12 and ethyl (1R,9S,13S)-4-chloro-9-methyl-10-(3-methylphenyl)-11-sulfanylidene-8-oxa-10,12-diazatricyclo[7.3.1.02,7]trideca-2(7),3,5-triene-13-carboxylate the same?",1,name_equivalence
smiles,iupac,"Is the molecule described by COc1ccccc1N1CCN(C(=O)CC(O)c2cc(OC)c(OC)c(OC)c2)CC1 identical to the one described by 3-hydroxy-1-[4-(2-methoxyphenyl)piperazin-1-yl]-3-(3,4,5-trimethoxyphenyl)propan-1-one?",0,name_equivalence
iupac,smiles,"Is the molecule described by 3-[(3S)-3-(3,5-dimethylpyrazol-1-yl)pyrrolidin-1-yl]-N-(2-methylphenyl)-3-oxopropanamide identical to the one described by CC(C)(C)C(=O)Nc1ccc(C(=O)NC[C@H]2CCCOC2)cn1?",0,name_equivalence
iupac,smiles,"Determine whether N-[4,5-dimethyl-3-[(4-pyridin-2-ylpiperazin-1-yl)methyl]thiophen-2-yl]benzamide and N(c1sc(C)c(c1CN1CCN(CC1)c1ccccn1)C)C(c1ccccc1)=O refer to the same chemical compound.",1,name_equivalence
smiles,iupac,"Are the chemical entities represented by Cc1ccc(-n2nc(C(=O)Nc3ccc(Br)cc3)nc2-c2ccccc2)cc1C and N-(4-bromophenyl)-1-(3,4-dimethylphenyl)-5-phenyl-1,2,4-triazole-3-carboxamide the same?",0,name_equivalence
iupac,smiles,"Do these two representations, 3-(4-benzylpiperazin-1-yl)-N'-[2-(3,4-dichlorophenyl)acetyl]propanehydrazide and C(N1CCN(Cc2ccccc2)CC1)CC(=O)NNC(=O)Cc1cc(c(cc1)Cl)Cl, describe the same molecule?",1,name_equivalence
iupac,smiles,"Verify whether 2-[(3-tert-butyl-4-oxo-[1,3,4]thiadiazolo[2,3-c][1,2,4]triazin-7-yl)sulfanyl]-N-(4-chlorophenyl)acetamide and n12c(c(nnc2sc(n1)SCC(=O)Nc1ccc(Cl)cc1)C(C)(C)C)=O correspond to an identical molecule.",1,name_equivalence
smiles,iupac,"Given O=C(Cn1ccc2ccccc2c1=O)N1CCC(Cc2ccccc2)CC1 and 2-[2-(4-benzylpiperidin-1-yl)-2-oxoethyl]isoquinolin-1-one, determine if they describe the same molecular structure.",1,name_equivalence
iupac,smiles,"Are 2-[benzyl-(3,4-dichlorophenyl)sulfonylamino]-N-(3-methylphenyl)acetamide and c1cc(cc(c1)C)NC(CN(S(c1ccc(Cl)c(Cl)c1)(=O)=O)Cc1ccccc1)=O equivalent representations of the same molecule?",1,name_equivalence
smiles,iupac,"Is the molecule described by O=C([C@@H]1C[C@@H]1c1ccc(Cl)c(Cl)c1)N1CCCS1(=O)=O identical to the one described by [(1R,2S)-2-(3,4-dichlorophenyl)cyclopropyl]-(1,1-dioxo-1,2-thiazolidin-2-yl)methanone?",0,name_equivalence
smiles,iupac,"Are Nc1ncc2cc(-c3c(Cl)cccc3Cl)c(=O)n(CCCO)c2n1 and 2-amino-6-(2,6-dichlorophenyl)-8-(3-hydroxypropyl)pyrido[2,3-d]pyrimidin-7-one equivalent representations of the same molecule?",0,name_equivalence
smiles,iupac,Assess whether COc1ccc(C(=O)NCC(=O)OCc2ccc(F)cc2)cc1 and (4-fluorophenyl)methyl 2-[(4-methoxybenzoyl)amino]acetate denote the same chemical substance.,1,name_equivalence
iupac,smiles,"Are N-benzyl-3-[2-(dimethylamino)ethyl]-5-[2-(2,5-dioxo-4,4-diphenylimidazolidin-1-yl)ethyl]-1H-indole-2-carboxamide and c1(ccccc1)C1(c2ccccc2)NC(=O)N(C1=O)CCc1cc2c([nH]c(c2CCN(C)C)C(NCc2ccccc2)=O)cc1 equivalent representations of the same molecule?",1,name_equivalence
smiles,iupac,"Are the chemical entities represented by CC(C)=CC1C(C(=O)OCCOc2cc3c(cc2Cl)OCO3)C1(C)C and 2-[(6-chloro-1,3-benzodioxol-5-yl)oxy]ethyl 2,2-dimethyl-3-(2-methylprop-1-enyl)cyclopropane-1-carboxylate the same?",0,name_equivalence
smiles,iupac,Determine whether CCC1(c2cc(-c3cccc(OC)c3)cs2)CC(=O)N(C)C(N)=N1 and 2-amino-6-ethyl-6-[4-(3-methoxyphenyl)thiophen-2-yl]-3-methyl-5H-pyrimidin-4-one refer to the same chemical compound.,0,name_equivalence
smiles,iupac,"Are Oc1c(Br)cc(Br)cc1-c1cc(Br)cc(Br)c1O and 2,4-dibromo-6-(3,5-dibromo-2-hydroxyphenyl)phenol equivalent representations of the same molecule?",0,name_equivalence
iupac,smiles,"Do 1-[(3R,5S)-3,5-dimethylpiperidin-1-yl]-2-[(6-methyl-3-pyridinyl)oxy]ethanone and C1[C@@H](C)C[C@@H](C)CN1C(COc1ccc(nc1)C)=O correspond to the same molecular structure?",1,name_equivalence
iupac,smiles,"Do 2-[(3-chlorophenyl)methylsulfanyl]-3-(2-methoxyphenyl)-5H-pyrimido[5,4-b]indol-4-one and CNc1coc(N)c1 correspond to the same molecular structure?",0,name_equivalence
iupac,smiles,"Do the two chemical representations (5-propyl-1H-pyrazol-3-yl)-[(3R)-3-([1,2,4]triazolo[4,3-a]pyridin-3-yl)piperidin-1-yl]methanone and Cc1ccc(-c2nnc(SCC(=O)c3ccc(Cl)cc3)n2-c2ccccc2)cc1 describe the same molecule?",0,name_equivalence
smiles,iupac,Do c1ccc(OCCCCN2CCN(c3ccccc3)CC2)cc1 and 1-(4-phenoxybutyl)-4-phenylpiperazine correspond to the same molecular structure?,1,name_equivalence
smiles,smiles,Verify whether CC1(O)C=CC2NC21 and CC1(O)C2C(C=C1)N2 correspond to an identical molecule.,1,name_equivalence
smiles,smiles,Do the two chemical representations CC12OC=NC1C2CO and CC1C(O)C(C)C1(C)C describe the same molecule?,0,name_equivalence
smiles,smiles,Do the two chemical representations NCC1CCCCCC1Oc1ccc(Cl)c2cccnc12 and CCCCCOc1ncccc1C(O)CCCCCCC(=O)OC describe the same molecule?,0,name_equivalence
smiles,smiles,Do CCOC(=O)C1C(C(=O)OCC)C12C(=O)Nc1ccc(F)cc12 and c1nc2c(o1)COCC2 correspond to the same molecular structure?,0,name_equivalence
smiles,smiles,"Given C#CCC(=O)C1CO1 and Cc1ccccc1C(=O)N(Cc1cnc(S(=O)(=O)Cc2ccccc2)n1C[C@@H]1CCCO1)C1CC1, determine if they describe the same molecular structure.",0,name_equivalence
smiles,smiles,"Do these two representations, N=C1CC(O)CC(=O)O1 and Cn1c(SCC(=O)Nc2ccc(Oc3ccccc3)cc2)nnc1-c1ccncc1, describe the same molecule?",0,name_equivalence
smiles,smiles,Do the two chemical representations C/C(=N\O)c1cc(Cl)c2cccc3c2c1CC3 and O=C(NCC1CCCN(c2nccs2)C1)C1CC1 describe the same molecule?,0,name_equivalence
smiles,smiles,"Given NC(=O)c1ccc2nc(C(=O)O)cc(O)c2c1 and Oc1c2c(ccc(C(N)=O)c2)nc(C(O)=O)c1, determine if they describe the same molecular structure.",1,name_equivalence
smiles,smiles,Do C#Cc1cccc(Nc2ncnc3cc4c(cc23)N(C(=O)C=CCN2CCCCC2)CCCO4)c1 and CCC(c1nnnn1Cc1ccco1)N(Cc1ccc(OC)cc1)Cc1cc2cccc(C)c2[nH]c1=O correspond to the same molecular structure?,0,name_equivalence
smiles,smiles,"Given CC12CCC1(C#N)N2 and C(C12C(CC2)(N1)C)#N, determine if they describe the same molecular structure.",1,name_equivalence
smiles,smiles,Is the molecule described by CC1(C=O)COC2CC21 identical to the one described by CC1=C(C(=O)OC(C)C)[C@@H](c2cccc([N+](=O)[O-])c2)C2=C(C[C@H](c3ccc(Cl)cc3)CC2=O)N1?,0,name_equivalence
smiles,smiles,Determine whether COC[C@@]1(C(=O)O)CCN(C(=O)c2ccc(Oc3ccccc3)o2)C1 and C(OC)[C@@]1(C(=O)O)CCN(C(=O)c2oc(cc2)Oc2ccccc2)C1 refer to the same chemical compound.,1,name_equivalence
smiles,smiles,Verify whether CCC1C2COC1(C)C2 and Cc1cc(C)nc(NS(=O)(=O)c2ccc(Nc3c4ccccc4nc4c(C(=O)Nc5ccc(S(=O)(=O)N=C(N)N)cc5)cccc34)cc2)n1 correspond to an identical molecule.,0,name_equivalence
smiles,smiles,Determine whether COC(=O)c1ccc(-c2c(C#N)[n+]([O-])c3cc(Cl)c(Cl)cc3[n+]2[O-])cc1 and O=C(CCC1CCCC1)c1ccc(OC(F)(F)F)cc1 refer to the same chemical compound.,0,name_equivalence
smiles,smiles,Is the molecule described by [NH3+]Cc1[nH]ncc1[O-] identical to the one described by Cc1cc(CN2CCN(CCS(C)(=O)=O)CC2)no1?,0,name_equivalence
smiles,smiles,Determine whether CC(NC(=O)c1cncs1)c1ccc(C2CN(c3ccc(OCC4CC4)cc3)C2)cc1 and CC(=O)N1CCCc2ccc(S(=O)(=O)Nc3cc(-c4nc[nH]n4)ccc3F)cc21 refer to the same chemical compound.,0,name_equivalence
smiles,smiles,Are the chemical entities represented by Cc1ccc(C(=O)Oc2ccc(Cl)c(Cl)c2)cc1S(C)(=O)=O and CSc1ncc(CN2CCc3c([nH]c4ccccc34)C2c2ccccc2C)cn1 the same?,0,name_equivalence
smiles,smiles,"Given N#CC12CC1CC1NC12 and O=C(CC1CCC(NC(=O)C2CCOCC2)C(CO)O1)NCC1CC1, determine if they describe the same molecular structure.",0,name_equivalence
smiles,smiles,"Given OCC12CC3OC(C1)C32 and C12OC3CC(C2)(C31)CO, determine if they describe the same molecular structure.",1,name_equivalence
smiles,smiles,"Given CC1C2CC3OCC3C12 and C12COC1CC1C(C12)C, determine if they describe the same molecular structure.",1,name_equivalence
smiles,smiles,Verify whether CCC(Cl)CC(Cl)C(Cl)C(Cl)C(Cl)C(C)Cl and ClC(C(Cl)C(Cl)C(C(C)Cl)Cl)CC(Cl)CC correspond to an identical molecule.,1,name_equivalence
smiles,smiles,Is the molecule described by CCC12C(C)C1C1CN12 identical to the one described by CCCCCCNC1CCN(S(=O)(=O)c2ccc(CNC(=O)c3ccccc3)s2)CC1?,0,name_equivalence
smiles,smiles,"Do these two representations, CCCCCCCCCCCC1c2cc3c4c(Br)c2OCOc2c1cc1c(c2Br)OCOc2c(cc5c(c2Br)O[P+]([O-])(c2ccccc2)Oc2c(cc(c(c2Br)OCO4)[C@H]3CCCCCCCCCCC)C5CCCCCCCCCCC)[C@H]1CCCCCCCCCCC and C(CC[C@@H]1c2c3OCOc4c1cc1c(OCOc5c(Br)c6c(cc5C1CCCCCCCCCCC)[C@@H](c1c(OCO6)c(c5c(C(c(c(O[P+](O5)(c5ccccc5)[O-])c3Br)c2)CCCCCCCCCCC)c1)Br)CCCCCCCCCCC)c4Br)CCCCCCCC, describe the same molecule?",1,name_equivalence
smiles,smiles,Are OC(c1ccc(F)cc1)(c1ccc(F)cc1)[C@H]1CCNC1 and CCC1(C)NC(C(C)C)N(CC2CCCO2)C1=O equivalent representations of the same molecule?,0,name_equivalence
smiles,smiles,"Given CC1OC(=O)NC1C=O and O=CC12CC(O)CC1N2, determine if they describe the same molecular structure.",0,name_equivalence
smiles,smiles,Are the chemical entities represented by O=C(/C=C/c1cnc[nH]1)N1CC[C@H](Cc2ccccc2)[C@@H](O)C1 and [C@@H]1(Cc2ccccc2)[C@H](CN(C(=O)/C=C/c2[nH]cnc2)CC1)O the same?,1,name_equivalence
smiles,smiles,Is the molecule described by Cc1sc2ncn(CC(=O)NC[C@H]3COc4ccccc4O3)c(=O)c2c1S(=O)(=O)N1CCCCC1 identical to the one described by O=C(NC[C@@H]1Oc2ccccc2OC1)Cn1cnc2c(c(S(=O)(=O)N3CCCCC3)c(s2)C)c1=O?,1,name_equivalence
smiles,smiles,Do O=C(Oc1ccc(OCC2CO2)cc1)c1ccccc1 and O=C(c1ccccc1)Oc1ccc(cc1)OCC1OC1 correspond to the same molecular structure?,1,name_equivalence
smiles,smiles,Assess whether CC[C@H](Cn1cncn1)NCc1cc(C(F)(F)F)ccc1N1CCN(C)CC1 and CC(=O)C(CO)C1CO1 denote the same chemical substance.,0,name_equivalence
smiles,smiles,Do CC12NC3(C#N)CC1C32 and CC12C3CC(N1)(C32)C#N correspond to the same molecular structure?,1,name_equivalence
smiles,smiles,"Do these two representations, OCC1=CCCC2NC12 and CCC(O)C#CC=O, describe the same molecule?",0,name_equivalence
smiles,smiles,Is the molecule described by CCCOC(=O)CN1C(=O)/C(=C2/C(=O)Nc3c(C)cccc32)SC1=S identical to the one described by COc1ccccc1[C@@H](C)NC(=O)CN(c1ccccc1OC)S(C)(=O)=O?,0,name_equivalence
smiles,smiles,Are Cc1ccc(C(=O)O)c(NC(C)c2ccccc2)n1 and Cc1c(C(=O)Nc2ccc(Cl)cc2)c2ccccn2c1C(=O)c1ccc([N+](=O)[O-])cc1 equivalent representations of the same molecule?,0,name_equivalence
smiles,smiles,"Do these two representations, CC12OC(=N)C1C2C=O and O=c1[nH]cn[nH]1, describe the same molecule?",0,name_equivalence
smiles,smiles,Assess whether O=C(O)C1CCC(NCCCN2CCN(c3ccccc3Cl)CC2)CC1 and c1cccc(Cl)c1N1CCN(CC1)CCCNC1CCC(C(O)=O)CC1 denote the same chemical substance.,1,name_equivalence
smiles,smiles,Are CC1CN1CC1(C)CN1 and C1C(N1CC1(NC1)C)C equivalent representations of the same molecule?,1,name_equivalence
smiles,smiles,Determine whether Cc1nn(-c2ccc(N3CCN(C(=O)c4cc5ccccc5oc4=O)CC3)nn2)c(C)c1C and c1(C(N2CCN(CC2)c2nnc(-n3nc(c(c3C)C)C)cc2)=O)c(oc2c(c1)cccc2)=O refer to the same chemical compound.,1,name_equivalence
smiles,smiles,Are CNc1ccc(Cl)cc1-c1nc(-c2c(C)ncc3c2CCNC3)no1 and c1(cc(-c2nc(no2)-c2c3c(CNCC3)cnc2C)c(cc1)NC)Cl equivalent representations of the same molecule?,1,name_equivalence
smiles,smiles,"Do these two representations, CCCCC/C=C\C/C=C\C/C=C\C/C=C\C/C=C\CCC(=O)OC[C@H](COP(=O)(O)OC[C@H](N)C(=O)O)OC(=O)CCCCCCCCC/C=C\CCCCCC and P(OC[C@H](OC(CCCCCCCCC/C=C\CCCCCC)=O)COC(=O)CC/C=C\C/C=C\C/C=C\C/C=C\C/C=C\CCCCC)(O)(=O)OC[C@H](N)C(=O)O, describe the same molecule?",1,name_equivalence
smiles,smiles,"Given CC12CCC13CC2CO3 and Cc1cc(O)cc2c1C=C(c1ccc(O)cc1)CO2.Cc1cccc(C2=Cc3c(O)cc(O)cc3OC2)c1, determine if they describe the same molecular structure.",0,name_equivalence
smiles,smiles,Determine whether NC1CCCC1C(=O)Nc1cc(F)cc([N+](=O)[O-])c1 and c1(cc(cc(c1)[N+](=O)[O-])F)NC(C1CCCC1N)=O refer to the same chemical compound.,1,name_equivalence
smiles,smiles,"Given COC(=O)C1=C(C(=O)OC)SC(=C2C(=S)C(C)(C)N(C(=O)/C=C/c3ccc(OC)cc3)c3cc(C)ccc32)S1 and C(=O)(C1=C(C(OC)=O)SC(=C2C(=S)C(N(C(=O)/C=C/c3ccc(cc3)OC)c3c2ccc(C)c3)(C)C)S1)OC, determine if they describe the same molecular structure.",1,name_equivalence
smiles,smiles,Is the molecule described by CCNc1ccnc(C2(c3ccccc3)CC2)n1 identical to the one described by n1c(nc(cc1)NCC)C1(c2ccccc2)CC1?,1,name_equivalence
smiles,smiles,Are the chemical entities represented by CCC1OC1COC=O and O1C(C1COC=O)CC the same?,1,name_equivalence
smiles,smiles,"Do these two representations, CCC1NC1C1CN1 and O=C(Nc1cc(-c2cccnc2)[nH]n1)C1Cc2ccccc2C1, describe the same molecule?",0,name_equivalence
smiles,smiles,Verify whether O=CC1=NC2CC(C2)O1 and N1C2CC(OC=1C=O)C2 correspond to an identical molecule.,1,name_equivalence
smiles,smiles,Is the molecule described by C#CC12CC3C(=O)N1C32 identical to the one described by C#CC12CC3C(N2C31)=O?,1,name_equivalence
smiles,smiles,"Do these two representations, O=CC12OC=NC1C2O and C1(O)C2N=COC12C=O, describe the same molecule?",1,name_equivalence
smiles,smiles,Are CCCOC1(C)CC1C and O(CCC)C1(C(C)C1)C equivalent representations of the same molecule?,1,name_equivalence
smiles,smiles,Do N=C(OC=O)C(N)=O and NC(=O)C(=N)OC=O correspond to the same molecular structure?,1,name_equivalence
iupac,smiles,Which compound more closely resembles CO[C@H]1O[C@H](CO[C@H]2O[C@H](CO[C@H]3O[C@H](CO)[C@@H](O)[C@@H]3O)[C@@H](O)[C@@H]2O)[C@@H]2O[C@H]12: C#CC1C2C3C(=O)N1C32 or N=c1cnc(N)c(O)o1?,A,chemical_similarity
iupac,smiles,Which compound more closely resembles COC1C(=O)N2C(C(=O)OC(C)(C)C)=C(COC(=O)NCc3ccccc3)CS(=O)(=O)C12: COc1ccc(Nc2nc(Nc3ccc(C)cc3C)c3cnn(C)c3n2)cc1 or CCC(CCN)CCC(=O)NCCc1ccsc1?,B,chemical_similarity
iupac,smiles,Assess the chemical similarity of c1nc2n(n1)C1CC1O2 and Cc1ccc2c(N)c(C(=O)Nc3cc([N+](=O)[O-])ccc3Cl)sc2n1 to C[C@@H](CO)N=c1[nH]c(-c2ccccc2)cc(=Nc2cc(Cl)ccc2F)[nH]1. Which is more similar?,B,chemical_similarity
iupac,smiles,Which compound more closely resembles Oc1ccccc1C1=Nc2ncnn2C(c2ccc(F)cc2)C1: CCn1cnc2c(Sc3nnnn3C)ncnc21 or COc1cc(CC2COC(=O)C2Cc2ccc3c(c2)OCO3)ccc1O?,B,chemical_similarity
iupac,smiles,Assess the chemical similarity of C[C@@H](OC(=O)CNC(=O)c1ccc(Cl)cc1Cl)C(=O)N[C@@H]1CCCc2ccccc21 and C#CCCC#CC=O to Cc1cn(C2OC(CO)C(CF)C2O)c(=O)[nH]c1=O. Which is more similar?,A,chemical_similarity
smiles,iupac,Assess the chemical similarity of CC(C)n1nccc1-c1csc(S(=O)(=O)NCc2ccccc2)c1 and O=C([C@H]1CC1(F)F)N1CCOC2(CCCCC2)C1 to COc1ccc2[nH]cc([C@@H](O)CN3CCN(C4CCCCC4)CC3)c2c1. Which is more similar?,B,chemical_similarity
iupac,smiles,Determine whether CCOC(=O)C1CC12CCC1(CCNCC1)CC2.Cl or CCC1=C(C(=O)OC)[C@H](c2ccccc2)n2c(s/c(=C/c3cccc(OCc4ccccc4Cl)c3)c2=O)=N1 is more chemically similar to Nc1cocc1N.,B,chemical_similarity
iupac,smiles,Assess the chemical similarity of CCN(CC)c1ccc(C(F)(F)F)cc1NC(=O)Cn1c(=O)c2c(ncn2C)n(C)c1=O and CCO[C@H]1CCOC2(CCN(C(=O)CCc3ccccc3)CC2)C1 to CCN(c1ccccc1)[C@H]1COC2(CCN(C(=O)c3cnc(C)cn3)CC2)C1. Which is more similar?,B,chemical_similarity
iupac,smiles,"Which molecule shares greater structural similarity with Fc1ccc(CNn2c(-c3ccncc3)n[nH]c2=S)cc1, O=S(=O)(OCCOS(=O)(=O)c1ccccc1)c1ccccc1 or Cc1c(Br)c(C(F)F)nn1CC(=O)N[C@@H](C)C(C)(C)C?",B,chemical_similarity
iupac,smiles,"Between CN1/C(=C(\O)c2ccc3ccccc3c2)C(=O)c2ccc(N3CCCC3)cc2S1(=O)=O and CC(C(=O)N(C)Cc1ccccc1)n1sc2ccccc2c1=O, which is more similar in structure to O=c1c2ccc(F)cc2nc(C=Cc2cccnc2)n1Cc1ccccc1?",B,chemical_similarity
iupac,smiles,"Given CNC(=O)c1c(-c2ccc(F)cc2)oc2cc(N(C)S(C)(=O)=O)c([C@H]3CCCN(S(=O)(=O)c4cc5ccccc5o4)C3)cc12, select the molecule that is more chemically similar: C#CC(C)n1cnnc1 or CC12CN1C(=N)C1OC12.",B,chemical_similarity
iupac,smiles,Compare CCCCCNC(=O)C(Cc1ccc(OCC(=O)O)cc1)NC(=O)CCC(=O)O and C#CC1(C=O)CC(=O)N1 to O=C1c2cc(Cl)ccc2CN1CCCCBr. Which is more chemically similar?,A,chemical_similarity
iupac,smiles,Determine whether O=C1c2ccccc2C2(c3cccc4c3C=CC4)SCCCN12 or COc1cc(C=C(C#N)C(=O)c2cn(C)c3ccccc23)cc(OC)c1OC is more chemically similar to COc1ccc(S(=O)(=O)N(CCO)CCOC2CC(c3ccc4c(c3)OCO4)C=C(C(=O)NCc3nc4ccccc4[nH]3)O2)cc1.,B,chemical_similarity
iupac,smiles,Compare C[C@@H](Oc1ccc2c(-c3ccccc3)cc(=O)oc2c1)C(=O)Oc1ccc2c(-c3ccccc3)cc(=O)oc2c1 and CNCC1CCCc2sc(-c3ccccn3)nc21 to Cn1nc2c(c1C(=O)N1C3CCC1CC(O)(c1ccc4c(c1)OCO4)C3)CCCC2. Which is more chemically similar?,B,chemical_similarity
iupac,smiles,Assess the chemical similarity of COc1cccc(C[C@H](NC(C)=O)C(=O)NC2CCN(C(=O)Nc3ccccc3C)CC2)c1 and CCN(Cc1ccccc1)C(=O)c1cc(NC(=O)CC(C)C)cnc1N1CCNCC1 to Cc1ccc[n+]([O-])c1-c1ccc2cc(NC(=O)C3CC3)ncc2c1. Which is more similar?,A,chemical_similarity
smiles,iupac,Assess the chemical similarity of O=C1C=CC2=C3c4cc(O)c(O)cc4CC3(O)COC2=C1O.Oc1ccc(C=Cc2cc(O)cc(O)c2)cc1 and N#CC1CN=COCO1 to CNc1ccc(-c2cc(=O)c3cc(OCCOCCOCCF)ccc3o2)cc1. Which is more similar?,A,chemical_similarity
iupac,smiles,"Which molecule shares greater structural similarity with C[C@@H](Sc1ncnc2ccccc12)C(=O)Nc1ccc2ccccc2c1, C[C@H](CO)N=c1[nH]c(-c2ccncc2)cc(=Nc2ccc(F)cc2F)[nH]1 or CC1SCC(c2noc(CON)n2)SC1C?",A,chemical_similarity
iupac,smiles,"Between the two options, CCOCc1nc2c(c(NC(CC)c3ccnn3C)n1)CCNCC2 and O=C(NC1(c2ccccc2)CCN(C(=O)OCc2ccccc2)CC1)OCCCCl, which better matches CC[C@H](C)CN1C(=O)[C@H]2N(C(=O)[C@@H](O)C(Cc3ccccc3)NC(=O)c3cccc(O)c3C)CC(F)(F)C21C chemically?",B,chemical_similarity
iupac,smiles,Which molecule is more chemically similar to Cc1ccc(C)c(-c2cc3c4nn(CC(=O)Nc5ccc(C)c(Cl)c5)c(=O)n4ccn3n2)c1: O=C(CN1CCCCC1)N1CCC[C@@H](N2CCN(c3cccc(Cl)c3)CC2)C1 or Nc1ccc(O)o1?,A,chemical_similarity
smiles,iupac,Which compound more closely resembles CCc1csc(C2CCCN(C(=O)COc3cc(C)on3)C2)n1: N#CC(C=O)COC=O or CC1=CC(C)CNC1=O?,B,chemical_similarity
iupac,smiles,Determine whether c1coc([C@H](CNc2ncnc3sccc23)N2CCCCC2)c1 or Nc1nc(Cc2cccc(C(F)(F)F)c2)nc2cn(-c3ccccc3)nc12 is more chemically similar to O=C(O)c1c(Sc2ccc3c(c2)OCO3)c2ccccc2n1Cc1ccc2c(c1)OCO2.,B,chemical_similarity
iupac,smiles,Which molecule is more chemically similar to CCc1cc(C(F)(F)F)n2nc([C@@H]3CCCN3Cc3cccc(OCCOC)c3)cc2n1: Cc1ccc(Cl)cc1-n1c([O-])c(/C=N/CCC[NH+]2CCOCC2)c(=O)[nH]c1=O or O=C1CC(N2CCCCC2)C(=O)N1CCc1ccccc1?,B,chemical_similarity
iupac,smiles,"Which molecule shares greater structural similarity with O=C1CCCN1c1cc(S(=O)(=O)n2nnc3ccccc32)ccc1[N+](=O)[O-], COc1ccc(NC(=O)c2c(Cl)cccc2Cl)cc1Cl or O=C(C1CC1)N1CCC2(CC1)N(CC1CC1)C(=O)C[S@@]2=O?",A,chemical_similarity
smiles,iupac,"Between the two options, Cc1cc(C(C)(C)C)ccc1OCCn1cnc2ccccc2c1=O and CCNc1nc(N)nc(Oc2ccc(OCC(=O)OC)nn2)n1, which better matches Cc1ccc(C)c(N2CCN(C(=O)c3ccc(N4CCSc5ccccc54)s3)CC2)c1 chemically?",A,chemical_similarity
iupac,smiles,"Which molecule shares greater structural similarity with Cc1ccc(C)c2[nH]c(=O)c([C@H](c3nnnn3Cc3ccccc3)N3CCCc4ccccc43)cc12, CC=CCC(NC(=O)OC(C)(C)C)C(=O)O or O=C1NCCCC1Nc1nc2ccc([N+](=O)[O-])cc2[nH]1?",B,chemical_similarity
iupac,smiles,"Given O=c1[nH]c(N2CCOCC2)nc2c1CCC21CCN(c2cnccn2)CC1, select the molecule that is more chemically similar: NS(=O)(=O)c1ccc2c(c1)CCN2C(=O)C1CCOC1 or O=C(CSc1nnc(-c2ccc[nH]2)o1)N1CCc2sccc2[C@@H]1c1cccs1.",A,chemical_similarity
iupac,smiles,Identify which molecule is more similar to O=C(CSc1nnc(-c2ccc(Cl)cc2)o1)Nc1ccc(I)cc1: CCOCCCN(C(=O)C1CC1)[C@@H](C)C(=O)c1c(C)[nH]c(C(=O)OC)c1C or CN1CCCC1C1CNC(=O)O1.,A,chemical_similarity
iupac,smiles,Which compound more closely resembles O=C(CCCCNc1ccccc1)Nc1ccc(Cl)cc1: CCC[C@H](C)c1cc(NS(=O)(=O)c2ccc3c(c2)OCCCO3)n[nH]1 or Cc1nn(C)c(C(=O)NNC(=S)NCC(C)C)c1Cl?,B,chemical_similarity
iupac,smiles,Compare CC(C)(CC(=O)O)NC(=O)C(NC(=O)OCC1c2ccccc2-c2ccccc21)c1ccccc1 and C=CCN1CC2(CCC1=O)CCN(C(=O)c1ncoc1C)CC2 to NCCNCC(=O)Nc1cccc(Br)c1. Which is more chemically similar?,A,chemical_similarity
iupac,smiles,Which molecule is more chemically similar to CC(=O)c1ccc(NC(=O)CCN2CCN(c3ccc(Br)cn3)CC2)cc1: C#CCC(C)(C)C=O or COc1cccc(N2C[C@H](C(=O)OCC(=O)Nc3cccc(C(C)=O)c3)CC2=O)c1?,B,chemical_similarity
smiles,iupac,Determine whether OCC1C2C=CCOC21 or CCOc1cc(C(=O)NC(=S)Nc2ccc(Nc3ccc(OC)cc3)cc2)cc(OCC)c1OCC is more chemically similar to Cc1ccccc1-c1c(O)c(C)nn(CCc2ccccc2)c1=O.,B,chemical_similarity
iupac,smiles,"Between the two options, CCOC(=O)CNC(=O)NC1C2OC(c3ccccc32)C1O and C#CC1(C)C=CC(=O)O1, which better matches O=C(O)c1cc(F)cc(C(=O)C=Cc2cc(Cl)ccc2Cl)c1O chemically?",A,chemical_similarity
iupac,smiles,"Given CS(=O)c1ccc(NC2CCN(COC(C)(C)C)CC2)c(N)c1, select the molecule that is more chemically similar: N#Cc1cc(NS(=O)(=O)c2cccs2)ncc1Br or CN(Cc1cccc(N)c1)C(=O)c1ccc(Cl)cc1F.",B,chemical_similarity
smiles,iupac,Which molecule is more chemically similar to COc1ccccc1N1CCN(CC(=O)Nc2ccccc2Sc2ccccc2)CC1: N=Cc1cc(N2CCOCC2)nc2ccc(-c3ccc(N4CCOCC4)cc3)cc12 or O=C(CSc1nnc(N2CCOCC2)n1-c1ccccc1)Nc1cccc2ncccc12?,B,chemical_similarity
iupac,smiles,Assess the chemical similarity of COc1cccc(NC(=O)COC(=O)[C@H]2CC(=O)N([C@H](C)c3ccccc3)C2)c1 and C[C@H](c1nc2c(s1)CCCC2)n1cc(-c2ccc(CO)o2)nn1 to O=C(Nc1ccccc1)c1cc2n(n1)CCN(C(=O)CCn1cnnn1)C2. Which is more similar?,A,chemical_similarity
smiles,iupac,"Between the two options, C=CCOC(C)(C)C[C@H]1C(=O)N[C@@H](C(C)C)C(=O)N(C)[C@@H](CC(C)C)C(=O)N[C@@H](C)C(=O)N[C@H](C)C(=O)N(C)[C@@H](CC(C)C)C(=O)N(C)[C@@H](CC(C)C)C(=O)N(C)[C@@H](C(C)C)C(=O)N(C)[C@@H]([C@H](O)[C@H](C)CC=CC)C(=O)N[C@@H](CC)C(=O)N(C)C(CC(C(=O)OC)C(=O)OC)C(=O)N1C and COc1ccccc1O[C@@H](C)C(=O)N[C@H](C)c1ccccc1, which better matches O=C(c1noc2c1CCCCC2)N1CCOCC1 chemically?",B,chemical_similarity
smiles,iupac,"Given Cc1cccc(Cl)c1NC(=O)N1CCCN(c2ncccc2C(F)(F)F)CC1, select the molecule that is more chemically similar: O=C(c1ccc(Cl)c(F)c1)c1c[nH]c2ccccc12 or CCCCN(C(=O)C(C)C)c1nc(C)c(C)o1.",A,chemical_similarity
iupac,smiles,Compare Cc1nc([C@@H](C)N[C@H](c2cccc(C(F)(F)F)c2)C2CC2)no1 and COC(=O)C(CCSC)NC(=O)c1cc2c(n(-c3ccc(C)cc3)c1=O)CCCC2=O to O=C(Nc1ccc(Cl)c(C(F)(F)F)c1)Nc1ccc(-c2nc3c(c(N4CCOCC4)n2)CS(=O)(=O)CC3)cn1. Which is more chemically similar?,A,chemical_similarity
iupac,smiles,Compare CCCCCCC[C@H]1SC(=NN=Cc2ccco2)NC1=O and [NH2+]=C1CC(CC(=O)[O-])N1 to O=C(NNC(=O)c1cccc(Cl)c1)NNC(=O)c1cccc(Cl)c1. Which is more chemically similar?,A,chemical_similarity
smiles,iupac,"Which molecule shares greater structural similarity with O=C1CSC(=S)N1Cc1nnc(-c2ccccc2F)o1, O=C(O)c1ccccc1NC1=CCCCC1 or Cc1ccc(OS(=O)(=O)c2cc(C)ccc2C)c([N+](=O)[O-])c1?",A,chemical_similarity
iupac,smiles,"Between N#Cc1ccc(-c2cc(F)ccc2CC2=Nc3c(cnn3C3CCC(F)(F)CC3)C(=O)C2)cn1 and CC(C)[C@@H](NC(=O)c1ccccc1)c1nnc(SCC(=O)Nc2cc(Cl)cc(Cl)c2)n1C, which is more similar in structure to CCOc1ccc(NC(=O)CSc2c([O-])on[n+]2C)cc1?",B,chemical_similarity
iupac,smiles,"Which molecule shares greater structural similarity with C1CC1c1nn[nH]n1, Cc1nc(CC(=O)N[C@@H](c2ccc(C(C)(C)C)cc2)C(C)C)cs1 or OC12CC3CC(C1)C3C2?",B,chemical_similarity
iupac,smiles,Which molecule is more chemically similar to Cc1ccccc1OCc1nnc(SCC(=O)Nc2ccc(N3CCOCC3)cc2)n1C: Nc1ccc2nc(-c3cccc(-c4nc5ccc(N)cc5[nH]4)n3)[nH]c2c1 or O=C(COCc1ccc2ccccc2c1)Nc1cccc([N+](=O)[O-])c1?,B,chemical_similarity
iupac,smiles,"Between the two options, CCc1ccccc1N(CC(=O)N(Cc1cccc(OC)c1)[C@H](C)C(=O)NC(C)(C)C)S(=O)(=O)c1ccccc1 and O=C(c1ccco1)N1CCN(C(c2ccccc2Cl)c2nnnn2Cc2cccs2)CC1, which better matches COCCOCCCOCc1c(N)cccc1Br chemically?",A,chemical_similarity
iupac,smiles,Identify which molecule is more similar to CCOc1ccc(S(=O)(=O)NCc2cccnc2)cc1: Cc1cc(C)c(C)c(OCCCNC(=O)N2CC[C@@H](C(N)=O)C2)c1 or Nn1c(Cc2ccccc2)nc2scc(-c3ccc(Cl)cc3)c2c1=O.,B,chemical_similarity
iupac,smiles,Identify which molecule is more similar to CC1=C(C(=O)OC2CCCCC2)[C@@H](c2cccc(Cl)c2Cl)CC(=O)N1: C1=CC2N3C1C3C21CO1 or CC(C)CC(NCC1CCCN1C(=O)OCc1ccccc1)C(=O)NCC(N)=O.,B,chemical_similarity
smiles,iupac,Determine whether CCCOc1ccc(-c2ncsc2C)cc1 or CCc1ccccc1-n1c(C)cc(/C=C2\C(=O)N=C(O)N(c3ccc(Br)cc3)C2=O)c1C is more chemically similar to CCN(Cc1nccn1C)Cc1c(C(=O)N2CCOCC2)nc2ccccn12.,B,chemical_similarity
iupac,smiles,"Between the two options, OC1CC(C=CF)OC1O and CC(C)(C)c1cc(C(=O)N2CCC(n3nnc(C(=O)O)c3C(F)F)CC2)[nH]n1, which better matches C=CCn1c(COc2ccccc2F)nnc1S[C@H](C)C(=O)NC(N)=O chemically?",B,chemical_similarity
iupac,smiles,Determine whether CN1CCN(C(=O)C(=O)Nc2ccccc2CN(C)C(=O)OC(C)(C)C)CC1 or CCOc1c(C#N)cc(Br)cc1CNCCCNc1cc(O)c2ccccc2n1 is more chemically similar to Cn1c(=O)c(-c2ccccc2)nc2ccccc21.,B,chemical_similarity
iupac,smiles,Compare CN1C2C3C2C(C)(C)C31 and CC(C)N(Cc1nc(-c2ccc(Cl)cc2)no1)C(=O)CCCN1C(=O)c2ccccc2C1=O to CCn1c2c(c(=O)[nH]c1=O)[C@H](c1ccc(Cl)cc1Cl)C1=C(N2)c2ccccc2C1=O. Which is more chemically similar?,B,chemical_similarity
smiles,smiles,Identify which molecule is more similar to N#CC#CCNC=O: c1ccc(N(c2ccccc2)c2cc(Oc3cccc(-n4c5ccccc5c5ccccc54)c3)cc3ccccc23)cc1 or FC1(F)C2c3ccccc3C(Br)c3ccccc3C21.,A,chemical_similarity
smiles,smiles,"Between Nc1nc(O)c(O)[nH]1 and O=C(O)c1cc(C=Cc2ccc(Br)cc2)nc2ccc(Br)cc12, which is more similar in structure to CC[C@@H](Oc1ccc2ccccc2c1)C(=O)N[C@@H](CC(C)C)c1ccc(OC)cc1?",B,chemical_similarity
smiles,smiles,"Given CNC(=O)CCCC#N, select the molecule that is more chemically similar: CNCc1cccc(CC(=O)Nc2nnc(CCCCc3nnc(NC(=O)Cc4ccccc4)s3)s2)c1 or CC1CC(C(C)O)C1.",A,chemical_similarity
smiles,smiles,Which compound more closely resembles CNC(=O)C(O)C(C)C: CC1(C)OC1(C#N)C=O or CCc1ccc(-c2nc(SCC(=O)NCC3CCCO3)c(-c3ccc(C)cc3)[nH]2)cc1?,B,chemical_similarity
smiles,smiles,"Between CCC(C=O)(CO)OC and CC(C)[C@@H](N)C(=O)OC(C)C(C)(C)C, which is more similar in structure to N#CC1C2NCC12C=O?",A,chemical_similarity
smiles,smiles,"Between CN(C)c1ncc2c(n1)[C@]1(CCCN(Cc3nc4ccccc4n3C)C1)CC2 and COC(=O)c1ncn2c1C(=O)N(Cc1ccccc1F)[C@@](C)(C(=O)NCc1ccccc1OC)C2, which is more similar in structure to Cc1cc(=O)c(C2CNCCN2)c[nH]1?",B,chemical_similarity
smiles,smiles,"Which molecule shares greater structural similarity with CC(=O)CCC(=O)OCCCCCCOP(=O)(OCCC#N)OCC(C)(CO)CO, CC12C=CC(C)(C1)C2=O or Cc1n[nH]c(C)c1CN1C[C@H]2COCC[C@@]2(O)[C@@H]2COCC[C@@H]21?",A,chemical_similarity
smiles,smiles,"Which molecule shares greater structural similarity with C1=C\Cc2ccc3c(c2N(c2cccc(-c4ccccc4)n2)C\C=C/1)c1ccccc1n3-c1cccc(-c2ccccc2)n1, COc1ccc(S(=O)(=O)N(C)c2ccc(C(=O)NC(C)(C)C)c(Cl)c2)cc1 or COC(=O)C1CC(OC(=O)CN(C)C)C(=O)C2C1(C)CCC1C(=O)OC(c3ccoc3)CC12C?",B,chemical_similarity
smiles,smiles,Compare Cc1cc(CN(C)C(=O)c2cc(Cl)sc2Cl)no1 and COC1CC(O)C2NC12 to CCN/C(=N\CCCOC1CCCCC1)NC1CC2CCC1O2. Which is more chemically similar?,B,chemical_similarity
smiles,smiles,"Which molecule shares greater structural similarity with COc1ccc(S(=O)(=O)NCCNc2ccc([N+](=O)[O-])cc2C#N)cc1, COc1cc(CNCCN2CCOCC2)ccc1OCc1ccc(C)cc1 or CN1CCCC(Cn2ccccc2=O)C1?",A,chemical_similarity
smiles,smiles,Which compound more closely resembles C#CC1OC1C(=O)CO: CC1COc2ncoc21 or N#Cc1ccc(-c2scc3c2C(=O)OC32CCN(Cc3ccccc3)CC2)cc1?,B,chemical_similarity
smiles,smiles,Identify which molecule is more similar to OC1CC=CCC2NC12: COc1cc(/C=C\C(=O)OCC(=O)Nc2cc(Cl)ccc2C)ccc1OC(F)F or CCOc1ccccc1NC(=O)COc1ccc(/C=C2\SC(=S)N(c3ccc(Cl)cc3)C2=O)cc1OC.,A,chemical_similarity
smiles,smiles,"Given OC12C3CC(C31)C21CN1, select the molecule that is more chemically similar: COCCC(=O)N[C@@H](C)C=Cc1cnc(Oc2ccc(OCC3CC3)cc2Cl)s1 or CCOC(=O)C1=C(c2ccc(S(=O)(=O)[O-])c(N)c2)NC(=S)NC1C.",B,chemical_similarity
smiles,smiles,Identify which molecule is more similar to CCCCNc1ncc2c(-c3ccc(CN4CCN(CCCOCCCc5ccccc5Oc5cccc6c5C(=O)NC(=O)C6=O)CC4)cc3)c[nH]c2n1: CN(C[C@@H]1CCCN2CCCC[C@H]12)C(=O)[C@H]1CC(=O)N(Cc2ccco2)C1 or Cc1nc(N2CCN(C(=O)C3CCCCC3)CC2)c2c3c(sc2n1)CCCC3.,A,chemical_similarity
smiles,smiles,Which compound more closely resembles O=S(=O)(NCCCCN1CCC2CCCCC2C1)c1cnc2ccccc2c1: CC(C)c1ccc(S(=O)(=O)N2CCN(C(=S)NCc3ccco3)CC2)cc1 or O=C1CCCN1Cc1ccc(-n2nc(C(F)(F)F)c3c2CCCC3)cc1F?,A,chemical_similarity
smiles,smiles,Determine whether CCCCCCCCCCCCCCCCN(CCNC(C)=O)CC(=O)OCCC or CC12CCC1(C#N)C2 is more chemically similar to CC1C(=NO)CC2CC21.,B,chemical_similarity
smiles,smiles,Assess the chemical similarity of CCCCC(N)C#N and Cc1cc(Br)ccc1NC(=O)CN(C)C(=O)C(=O)NCc1ccc(F)cc1 to ON=C1CC2(CN2)C1. Which is more similar?,B,chemical_similarity
smiles,smiles,"Between CC1=CC2(C)CC1CO2 and CCOC(=O)N1CCN([C@@H](c2ccccc2F)c2sc3nc(CC)nn3c2O)CC1, which is more similar in structure to CCCCc1ccc(NC=NO)cc1?",B,chemical_similarity
smiles,smiles,Identify which molecule is more similar to COc1occc1-c1nccn1N: O=CNC12CCC1OC2 or CC(C)C(=O)Nc1ncc(S(=O)(=O)Cc2ncc(C(C)(C)C)o2)s1.,B,chemical_similarity
smiles,smiles,Identify which molecule is more similar to CCC(CC)CC1CC1: CC1C=CC2CC2CO1 or COc1cc(OC)cc(C(=O)N(CC(=O)N2CCc3sccc3[C@H]2c2ccc(Cl)cc2Cl)Cc2ccco2)c1.,A,chemical_similarity
smiles,smiles,Which compound more closely resembles O=CN1C2CC1C2: CC(C)(C)OC(=O)N[C@@H](Cc1ccccc1)C(=O)N1CCc2c(C(=O)O)cc(-c3ccncc3)cc21.CC(C)(C)OC(=O)N[C@@H](Cc1ccccc1)C(=O)N1CCc2c(C(N)=O)cc(-c3ccncc3)cc21 or c1c[nH]c(C2CCN(CCOc3ccc(Oc4nc5ccccc5s4)cc3)CC2)c1?,B,chemical_similarity
smiles,smiles,Which compound more closely resembles N#Cc1cccc(-c2cc(Nc3ccc4[nH]ncc4c3)nc(N3CCOCC3)n2)c1: CCC(N/C=C(/C#N)C(=O)N(C)C1CCN(C)CC1)c1ccc2c(c1)CCCC2 or Cc1cnc(CNc2ccc(N)c3nonc23)s1?,A,chemical_similarity
smiles,smiles,Identify which molecule is more similar to O=C(c1ccncc1)N1CCC2(CCCN(c3cccc(-c4ccccc4)c3)C2)CC1: CC[C@H]1CN(C(=O)CNC)CCC(=O)N1Cc1ccccc1 or C[C@H](NC(=O)[C@@H](C)Sc1nc2ccccc2[nH]1)[C@H]1C[C@@H]2CC[C@@H]1C2.,A,chemical_similarity
smiles,smiles,"Which molecule shares greater structural similarity with COc1ccccc1Oc1ncc(-c2cccc(Cl)c2)cc1C#N, Nc1n[nH]cc1C=O or NCCOCCOc1cc(N)nc2ccccc12?",B,chemical_similarity
smiles,smiles,"Between NC(=O)C1CCN(C(=O)Cn2ccc3cc(Cl)ccc32)CC1 and CN(CO)c1nc(N(C)CO)nc(N(C)CO)n1, which is more similar in structure to Cc1cc2c(o1)CCO2?",A,chemical_similarity
smiles,smiles,Determine whether Cc1nn(-c2nc3ccccc3s2)c2c1C(=O)CC(C)(C)C2 or CC(C)(C)[C@@H](NC(=O)Cn1nnc(COc2ccccc2)n1)c1cccs1 is more chemically similar to O=C(OCc1nc2cc(C(F)(F)F)ccc2o1)c1cccnc1.,B,chemical_similarity
smiles,smiles,Which compound more closely resembles Nc1cc(O)coc1=O: CN1C(=O)CC[C@H](C(=O)NCc2cccs2)[C@H]1c1cccs1 or CC(NC1CC(O)C1(C)C)c1ccc(O)cc1F?,B,chemical_similarity
smiles,smiles,Determine whether Cc1nc2c(=O)n(CC(=O)Nc3ccc(C(N)=O)cc3)nc(-c3cccs3)c2s1 or CCCn1c(SCC(=O)N[C@@H]2CCC[C@H](C)[C@@H]2C)n[nH]c1=O is more chemically similar to C[C@H]1CCC[C@H](C)N1/N=C/c1ccc(Cl)cc1.,B,chemical_similarity
smiles,smiles,Determine whether O=C1NCCC2CC2O1 or Cc1cccc(C(C)C)c1NC(=O)COC(=O)COc1ccc2c(C)cc(=O)oc2c1 is more chemically similar to CCn1c2ccccc2c2cc(NS(=O)(=O)c3ccc(C)c(C(=O)NCCOC)c3)ccc21.,B,chemical_similarity
smiles,smiles,"Which molecule shares greater structural similarity with CC1(C)CC(=O)C=C1N, Cn1c(N2CCN(Cc3ccccc3)CC2)c(C#N)c(=O)n(C)c1=O or O=C(Cc1ccc(Cl)cc1)N1CC[C@](O)(CN2CCN(c3ncccn3)CC2)[C@@H](O)C1?",A,chemical_similarity
smiles,smiles,Compare O=C(O)CCn1c(-c2nc3ccccc3s2)csc1=O and COc1ccc(CN2C(=O)c3ccccc3C2=O)cc1C(=O)N(C)C1CCNC1 to O=c1c2sccc2n(CCOc2ccccc2)c(=O)n1CCc1ccccc1. Which is more chemically similar?,A,chemical_similarity
smiles,smiles,Determine whether CCNC(=O)c1cc(S(=O)(=O)Nc2ccc(Br)cc2)ccc1C or O=C1C=CC2CC(=O)N12 is more chemically similar to CC12C3C4CN3C1(C)C42.,B,chemical_similarity
smiles,smiles,"Between COc1cc(NC(=O)CCC2CCCN(C(=O)c3ncc[nH]3)C2)cc(OC)c1 and CCCc1ccc(NC(=O)c2ccc(C)c(Br)c2)cc1, which is more similar in structure to CCN/C(=N\CC(C)c1ccsc1)NCCCCC(=O)OC.I?",B,chemical_similarity
smiles,smiles,Identify which molecule is more similar to c1ccc(-c2ccc(N(c3ccc(-c4ccccc4)cc3)c3ccc(-c4ccc5c(c4)c(-c4ccccc4)c(-c4ccccc4)n5-c4ccc(-c5ccccc5)cc4)cc3)cc2)cc1: CCn1nc(C)c(Br)c1CN1CCC(N(C)C)C1 or CC(C#N)NC1COC1.,A,chemical_similarity
smiles,smiles,"Given CCC1COC(C)(C)C1, select the molecule that is more chemically similar: Cc1c/c(=N\NC(=O)c2ccncc2)n2nc(N)sc2n1 or O=C(C1CC1)N1CCc2sc(S(=O)(=O)NCc3cccc(F)c3)cc2C1.",B,chemical_similarity
smiles,smiles,"Between the two options, Cn1nccc1C(=O)N[C@@H]1CC[C@H](O)[C@@H](N2CCc3ccccc3C2)[C@@H]1O and CCN(C[C@H](O)c1cccc(O)c1)C(=S)Nc1ccc(S(=O)(=O)N2CCOCC2)cc1, which better matches CC(C)C(O)(C#N)C=O chemically?",B,chemical_similarity
smiles,smiles,Assess the chemical similarity of CCCC(C)NC(=O)c1cc(S(=O)(=O)NC(C)(C)C)ccc1Br and CN(c1ccc(N(c2cccc3ccccc23)c2cccc3ccccc23)cc1)c1c2ccccc2cc2ccccc12.CN(c1ccc(N(c2cccc3ccccc23)c2cccc3ccccc23)cc1)c1ccc2cc3ccccc3cc2c1.CN(c1ccc(N(c2cccc3ccccc23)c2cccc3ccccc23)cc1)c1cccc(-c2ccccc2)c1 to COc1cc(-c2nc3cnccn3c2Nc2ccccc2)ccc1O. Which is more similar?,B,chemical_similarity
smiles,smiles,Which compound more closely resembles C1CC2C3C4CC3(C1)C24: CCN1CCCc2cc(CN(CCN3CCOCC3)C(=S)Nc3ccc(OC)c(OC)c3)ccc21 or CC(=O)N1CCN(c2nc3ccccc3[nH]2)CC1?,A,chemical_similarity
smiles,smiles,Which molecule is more chemically similar to C#CC12COC1CC2C: CCCOc1cc(C)c2c(c1C)CC(C(C)C(=O)Nc1nccs1)CC2 or CC(C)Oc1ccc(C(F)(F)F)c2cc(C(=O)N(C)C(=N)N)[nH]c12.CS(=O)(=O)O?,A,chemical_similarity
smiles,smiles,Assess the chemical similarity of CC1=CC(=O)C(=NO)C1 and COC(C=O)C(N)=O to CC1(O)C2OCC21CO. Which is more similar?,A,chemical_similarity
smiles,smiles,"Between the two options, CCOC(=O)c1ccc(NC(=O)[C@@H](C)N(c2ccc(F)cc2)S(C)(=O)=O)cc1Cl and CCN1CC(O)C1C#N, which better matches C#CCNC(C#C)C=O chemically?",B,chemical_similarity
smiles,smiles,"Given Cc1ccc(/C=C2/SC(=S)N(CCC(=O)Nc3ncc(Cc4cccc(C(F)(F)F)c4)s3)C2=O)cc1, select the molecule that is more chemically similar: CC(C)n1ncoc1=N or CC(C)N1C(=O)C[C@@H](NC(=O)c2cc3cccc(F)c3o2)C1=O.",B,chemical_similarity
smiles,smiles,Compare COC(=O)COc1ccccc1CN1CCC[C@H]1c1ccc(C(N)=O)s1 and CCOC(=O)C1=CCCCC1S(=O)(=O)Nc1ccccc1 to c1c[nH]c(C2CN2)n1. Which is more chemically similar?,A,chemical_similarity
smiles,smiles,Compare O=c1c2sc(-c3ccc(Cl)cc3)cc2ncn1-c1ccc2cc(CO)ccc2c1 and COc1cc(C(=O)O)cc(I)c1OCc1ccccc1Cl to CC/C=C\C/C=C\C/C=C\C/C=C\C/C=C\CC(=O)OC(COCCCCCCCCC)COC1OC(COC2OC(CO)C(O)C(O)C2O)C(O)C(O)C1O. Which is more chemically similar?,B,chemical_similarity
smiles,smiles,Which molecule is more chemically similar to N#CC1NCC=C1CO: CCO[Si](CCC/N=C(\N)NCCC[Si](OCC)(OCC)OCC)(OCC)OCC or NC(=O)c1cccc(OC2CC3CCC(C2)N3Cc2ccccc2)c1?,B,chemical_similarity
smiles,smiles,Determine whether O=C1CC23CC4C2CC143 or Cc1cc(OCC2(CC(=O)N(C)Cc3ccccc3)CCN(S(=O)(=O)c3ccc(Cl)cc3)CC2)ccc1Cl is more chemically similar to C#Cc1ccon1.,B,chemical_similarity
smiles,smiles,"Which molecule shares greater structural similarity with CCCN(CC(=O)Nc1ccccc1C)C(=O)C1CC(=O)N(c2ccc(CC)cc2)C1, Cc1noc(-c2nnn(-c3ccc(C)c(F)c3)c2C)n1 or Cc1cccc(C)c1NC(=O)c1ccc(N2C(=O)[C@H]3CC=CC[C@H]3C2=O)cc1?",B,chemical_similarity
smiles,smiles,Compare C[C@@H](C(=O)Nc1ccc(C#N)cc1)[NH+]1CCc2ccccc2C1 and COc1cccc(-c2nnc(SCC(=O)c3ccc4c(c3)CCC(=O)N4)n2Cc2ccco2)c1 to COCC1OCC2NC21. Which is more chemically similar?,B,chemical_similarity
smiles,smiles,Which molecule is more chemically similar to O=C1CNc2ccccc2N1C1CCN(Cc2cc3c(cc2Cl)OCO3)CC1: CC(=O)Nc1cccc(CN2CCN(CCCc3nc(-c4cccs4)no3)CC2)c1 or N#Cc1ccccc1NC(=O)/N=c1\c2ccccc2[nH]c(=O)n1Cc1ccccc1?,A,chemical_similarity
smiles,smiles,Assess the chemical similarity of CCc1ccc(-c2nn(CN3CCN(S(=O)(=O)c4cccs4)CC3)c(=S)[nH]2)cc1 and COCCOCC(=O)N1CCOC(CBr)C1 to CC(O)C12CC1CC2C. Which is more similar?,B,chemical_similarity
smiles,smiles,Assess the molecular weight of O=C1OC(CO)(COC(=O)C(c2ccccc2)c2ccccc2)CC1=Cc1ccc(F)cc1 and Cc1nn(C)c2nc(NC3CCCN(C(=O)c4ccccc4)C3)sc12. Which one is lower?,B,property_comparison
smiles,smiles,Which compound shows a lower molecular weight: CC1CCCC(NCc2ccc(C(C)C(=O)O)cc2)C1 or CC(C)N(COC(F)F)C(C)C?,B,property_comparison
smiles,smiles,"Given CC(C)(C)n1cnc(C(=O)Nc2ccc(F)c(S(N)(=O)=O)c2)n1 and O=C(COC(=O)C1C2CC3CC(C2)CC1C3)NC(=O)c1ccccc1, determine which has the lower molecular weight.",A,property_comparison
smiles,smiles,Which compound shows a higher molecular weight: COC(=O)CC1=C(C(=O)OC)C(c2ccncc2)C(C#N)=C(N)O1 or Cc1ccc2c(c1)[C@H](O)CC1(CCN(C[C@H](O)c3c(C)[nH]c4ccccc34)CC1)O2?,B,property_comparison
smiles,smiles,Determine whether C#CC1C2OC(=O)C12N or CC(=O)N1CCCc2ccc(NC(=O)C(=O)NCCCO)cc21 has the lower value of molecular weight.,A,property_comparison
smiles,smiles,"Which molecule has a higher molecular weight, O=C1NC2CC(C2)O1 or CCc1nnc2n1N[C@@H](c1ccc(Cl)cc1)[C@H](C(=O)Nc1ccccc1OC)S2?",B,property_comparison
smiles,smiles,Assess the molecular weight of CCc1ccc([C@H](C)NC(=O)CN2CCC[C@H](C(=O)Nc3ccccc3)C2)cc1 and CC1(O)CCC(C#N)C1. Which one is higher?,A,property_comparison
smiles,smiles,"Which molecule demonstrates a higher value for molecular weight, CC(=O)Nc1cccc(NC(=O)c2cnn3c(C)cc(C)nc23)c1 or O=C(O)CC(Oc1cc(O)ccc1OC1OC(CO)C(O)C(O)C1O)c1ccccc1?",B,property_comparison
smiles,smiles,Assess the molecular weight of Cc1cc(O)ccc1Nc1ccc(N)c2c1C(=O)c1ccccc1C2=O and O=CN1C=NCCN=C1. Which one is higher?,A,property_comparison
smiles,smiles,"For the property molecular weight, which molecule is higher: O=C1CC23CC4C2C1N43 or CC1OC2CC1C2C?",A,property_comparison
smiles,smiles,Determine whether O=C(O)C(S)c1ncc(-c2cccc(-c3ccc(Br)cc3)c2)o1 or CC1=NC(C)=C(C(=O)OCCCN2C(=O)c3ccccc3S2(=O)=O)C(c2ccccc2C(F)(F)F)C1=C(O)OCC1CCCO1 has the lower value of molecular weight.,A,property_comparison
smiles,smiles,"Between Cc1cccc(N2CCN(C(=O)[C@@H]3CCCN3C(=O)OC(C)(C)C)CC2)c1 and COc1ccc(I)nc1I, which exhibits a higher molecular weight?",A,property_comparison
smiles,smiles,Determine whether O=S(=O)(C1CC1)N1CCN(CC2CCC(c3ccc(Cl)cc3Cl)N(c3ccc(Cl)cc3)C2)CC1 or CCCCCCOc1ccc(/C=N/NC(=O)CSc2nc3ccccc3s2)cc1OCC has the higher value of molecular weight.,A,property_comparison
smiles,smiles,Determine whether CC(C)(C)NC(=O)CN1C(=O)C(N)c2cc(Br)ccc21 or NC(=O)c1ccc(N(Cc2ccc(N)cc2)C2CC2)nn1 has the lower value of molecular weight.,B,property_comparison
smiles,smiles,Compare CN1CC12C1OC2C1O and O=C(OC[C@H]1CCCN2CCCC[C@@H]12)c1ccc2c(c1)OCO2 in terms of molecular weight. Which is lower?,A,property_comparison
smiles,smiles,"For the property molecular weight, which molecule is higher: CCn1ccnc1C1CCN(C(=O)c2[nH]c3c(C)cc(C)cc3c2C)CC1 or CNCc1cn(C)c(C(C)(C)C)n1?",A,property_comparison
smiles,smiles,"Which molecule has a lower molecular weight, CON=C(c1ccc2c(c1)-c1cccc3cccc(c13)C2)C(F)(F)C(F)(F)C(F)(F)C(F)F or CN(CC(F)F)c1ccc(CCl)cc1Br?",B,property_comparison
smiles,smiles,"Given C1COC2CNC2=N1 and CN=C1OCC2CC12, determine which has the lower molecular weight.",B,property_comparison
smiles,smiles,Assess the molecular weight of Nc1cc[nH]c1NC=O and N#CC(=C(O)Cc1ccccc1)c1nc2ccccc2[nH]1. Which one is higher?,B,property_comparison
smiles,smiles,"Which molecule demonstrates a lower value for molecular weight, CC#CC(C=O)N(C)C or CSc1ccccc1NC(=O)CCCN1c2cccc3cccc(c23)S1(=O)=O?",A,property_comparison
smiles,smiles,"Which molecule demonstrates a higher value for molecular weight, O=C(Nc1nnn[nH]1)c1oc2ccccc2c(=O)c1NCCCO or Cc1c(C(=O)O)ccc(N2C(=O)OC[C@H]2C)c1F?",A,property_comparison
smiles,smiles,"Which molecule demonstrates a higher value for molecular weight, O=C(Nc1ccc(F)c(F)c1)NC1(C(=O)NC(Cc2ccccc2)C(=O)NCCCN2CCOCC2)CCCC1 or CC(C)(F)C[C@H](N[C@@H](c1ccc(-c2ccc(S(C)(=O)=O)cc2)cc1)C(F)(F)F)C(=O)NC1(C=N)CC1?",A,property_comparison
smiles,smiles,"For the property molecular weight, which molecule is higher: CC(C)(C)OC(=O)NC(CC=O)c1ccc(F)cc1 or O=C(OCC1CN(c2ccc(-n3cc(-c4ccccn4)cn3)c(F)c2)C(=O)O1)c1ccccc1?",B,property_comparison
smiles,smiles,Which compound shows a lower molecular weight: COc1cc2nc(O[C@@H]3C[C@H]4C(=O)N[C@]5(C(=O)NS(=O)(=O)C6CC6)C[C@H]5/C=C\CCCCC[C@H](NC(=O)OC(C)(C)C)C(=O)N4C3)c(-c3cccs3)nc2cc1OC or CNC(=O)Nc1ccc(NC(C)CCC(C)C)cc1?,B,property_comparison
smiles,smiles,Assess the molecular weight of COc1ccc(C)cc1CN1CCN(CN2C(=O)N[C@@]3(C2=O)[C@H](C)CCC[C@@H]3C)CC1 and C=CC(C)(C)c1c(O)c(CC=C(C)C)c2oc3c(O)c(O)ccc3c(=O)c2c1O. Which one is higher?,A,property_comparison
smiles,smiles,"Which molecule has a lower molecular weight, CC(C)[C@@]1(C)NC(=O)N(CCc2ccc3c(c2)CCO3)C1=O or C[C@@H]1CC(C)(C)C[C@]2(C1)NC(=O)N(CCC#N)C2=O?",B,property_comparison
smiles,smiles,Assess the molecular weight of CCN(CC)C(=O)c1cccc(-c2csc(C(NC(C)=O)c3cccc(OC)c3)n2)c1 and CC/C(C#CC(O)(C1CCCC1)C1(C#N)CC1)=C/C(=O)OC. Which one is higher?,A,property_comparison
smiles,smiles,"Which molecule demonstrates a lower value for molecular weight, CC(C)(C)OC(=O)NC1CN(c2nccnc2C2CN(c3ccc4ccccc4n3)C2)C1 or Cc1c(-c2ccc(Br)cc2)c(=O)oc2ccccc12?",B,property_comparison
smiles,smiles,Which compound shows a higher molecular weight: COC(=O)N[C@H](C(=O)N1CC2(CC2)C[C@H]1c1ncc(-c2ccc(-c3ccc4cc(-c5cnc([C@@H]6CCCN6C(=O)[C@H](NC(=O)OC)c6ccccc6)[nH]5)ccc4c3)cc2)[nH]1)C1CCOCC1 or CC(CCc1ccccc1)NC(=O)C1(c2cc(-c3cccs3)on2)CC1?,A,property_comparison
smiles,smiles,Compare C#CC(C)C1(O)CC1O and CC#CCC(C)C(N)=O in terms of molecular weight. Which is higher?,A,property_comparison
smiles,smiles,"Given CCOC(=O)C1=C(CN2CCCC2)NC(=O)N[C@H]1c1ccc(C)cc1 and [N-]=[N+]=Nc1ccc2sc3c(c2c1)SCCNC3=O, determine which has the higher molecular weight.",A,property_comparison
smiles,smiles,Assess the molecular weight of Cc1c[nH]c(O)c1C#N and COCCCn1cnc2c(-c3ccccc3)cn(CC(=O)Nc3cc(F)ccc3C)c2c1=O. Which one is lower?,A,property_comparison
smiles,smiles,"Which molecule demonstrates a lower value for molecular weight, C[C@@]12CN3CN4CC1(C3)[C@@](C)(C4)C2N or CCC(C)(C#N)OC=N?",B,property_comparison
smiles,smiles,Compare Nc1nc(N)c2nc(CNc3ccc(C(=O)NC(CCC(=O)Nc4cccc(C(=O)O)c4)C(=O)O)cc3)cnc2n1 and Cc1cc(O)ccc1O in terms of molecular weight. Which is lower?,B,property_comparison
smiles,smiles,Identify whether CS(=O)(=O)Nc1cc(C(O)CNC(Cc2ccccc2)c2ccc(Cl)c(Cl)c2)ccc1O or CCc1ccc(OCC(=O)NNC(=S)NC(=O)C2CCCCC2)cc1 has the higher molecular weight.,A,property_comparison
smiles,smiles,"Which molecule demonstrates a lower value for molecular weight, NC(=O)Nc1ccc2c(c1)Cc1c-2nc(O)c2nccn12 or COc1ccc(NC(=O)c2nnn(CC(=O)Nc3ccc(OC)c(Cl)c3)c2C)cc1?",A,property_comparison
smiles,smiles,"Given CCOc1cc(/C=C2\C(=O)NC(=O)N(c3ccc(OCc4ccc(Cl)cc4Cl)cc3)C2=O)cc(Br)c1OC and Cc1cccc(O[C@H](C)C(=O)NCCOc2ccccc2Cl)c1, determine which has the higher molecular weight.",A,property_comparison
smiles,smiles,Determine whether CC1C2OC1C21NC1C or CCC1(C=O)OC1C=O has the lower value of molecular weight.,A,property_comparison
smiles,smiles,Assess the molecular weight of OCC1OC(n2cnc3c(SCc4ccc(Cl)cc4Cl)ncnc32)C(O)C1O and N#CC12CC(CC1N)O2. Which one is lower?,B,property_comparison
smiles,smiles,Identify whether CCCCC(Nc1nnc(C(C)C)s1)C(=O)O or COc1cc(/C=C2\SC(=S)N=C2O)cc(Cl)c1OCc1ccc([N+](=O)[O-])cc1 has the lower molecular weight.,A,property_comparison
smiles,smiles,"For the property molecular weight, which molecule is higher: CC1OCC(O)C(=N)O1 or COCCNC(=O)[C@H](C)Sc1cc(Br)ccc1OC?",B,property_comparison
smiles,smiles,Determine whether NNC(c1ccc(Cl)s1)c1c(Cl)cccc1Cl or CC(C)(N)C(=O)NCCCN1CCN(c2ccccc2Cl)CC1.Cl.Cl.Cl has the lower value of molecular weight.,A,property_comparison
smiles,smiles,"For the property molecular weight, which molecule is lower: O=S(=O)(c1ccccc1)[C@H]1/C(=N\O)[C@H]2CC[C@H]1C2 or Cc1nc(N2CCC(NC3CCCc4ccccc43)CC2)nc2ccc(F)cc12?",A,property_comparison
smiles,smiles,"Between C1CC1C1OCC12CO2 and COc1cccc([C@H]2CC(=O)C3=C(C2)Nc2nnnn2[C@H]3c2ccc(Cl)cc2)c1, which exhibits a higher molecular weight?",B,property_comparison
smiles,smiles,Determine whether COc1cccc(C(=O)N2CCC3(CC2)C[C@@H](OCc2ccccc2)CCO3)c1 or CCOc1ccc(NC(=S)N2CCCN(Cc3cccc(Cl)c3)C2)cc1 has the lower value of molecular weight.,B,property_comparison
smiles,smiles,Identify whether O=C1Nc2c(Cl)cc(-c3ccc(C(=O)N4CCN(c5ncccn5)CC4)cc3)cc2C2(CCCCC2)N1 or COCC1CCCN(C(=O)/C=C/c2ccccc2)C1 has the lower molecular weight.,B,property_comparison
smiles,smiles,Which compound shows a lower molecular weight: C#CC#CC1(O)CCC1 or CCC1(CC)CCN(S(=O)(=O)c2ccsc2CCl)C1?,A,property_comparison
smiles,smiles,"Which molecule has a higher molecular weight, Cc1cccc(Cn2c(=O)cc(C)c3cccc(C)c32)c1 or CCCc1ccccc1OC(=O)OCC(C)C?",A,property_comparison
smiles,smiles,"For the property molecular weight, which molecule is lower: COc1ccc2c(c1)cc1c(=O)n(CC(=O)NCCCN3CCOCC3)nc(C)n12 or CN(CCOc1ccc(Cl)cc1)CCN1CCNCC1.Cl.Cl?",B,property_comparison
smiles,smiles,Compare CCCCC(=O)N[C@H](O)C(Cl)(Cl)Cl and Cc1ccc(CNC(=O)C(=O)NC[C@H](c2ccc(N(C)C)cc2)N2CCCC2)cc1 in terms of molecular weight. Which is lower?,A,property_comparison
iupac,iupac,Which compound shows a lower molecular weight: CCC1(CC)CCNC2(CCCC(C)(C)CC2)O1 or CCC(O)C1CC(=O)O1?,B,property_comparison
iupac,iupac,Determine whether Cc1nc(-c2cccc(C(=O)NCCN(C)S(C)(=O)=O)c2)ccc1Cl or Cc1cc(C(=O)N2CC3(CC(OCC4CCOCC4)CS3)C2)cc(C)n1 has the higher value of molecular weight.,A,property_comparison
iupac,iupac,"Given CNc1ccccc1C(=O)NC1CCN(C(=O)OC(C)(C)C)CC1 and O=C(c1ccc(OCCCN2CC3CCCC3C2)cc1)N1CCSCC1, determine which has the higher molecular weight.",B,property_comparison
iupac,iupac,"Which molecule demonstrates a lower value for molecular weight, CC1CN(CCCSc2ccc(Cl)cc2)CC(C)O1 or O=C1NC(=O)C(O)CO1?",B,property_comparison
iupac,iupac,Determine whether CCCCCCP(CCCCCC)c1cc2ccccc2[cH-]1.CCCCCCP(CCCCCC)c1cc2ccccc2[cH-]1.[Cl-].[Cl-].[Ti+2].[Ti+2].c1ccc(P(c2ccccc2)c2cc3ccccc3[cH-]2)cc1.c1ccc(P(c2ccccc2)c2cc3ccccc3[cH-]2)cc1 or CC(NCCCN(C)C(C)C)c1nccn1C has the higher value of molecular weight.,A,property_comparison
iupac,iupac,"For the property molecular weight, which molecule is higher: C#CCC(N)C(=O)N1C(C)SCC1C(=O)O or CCCCn1c(SCc2cccc(OC)c2)nc2ccccc2c1=O?",B,property_comparison
iupac,iupac,"For the property molecular weight, which molecule is lower: CS(=O)(=O)c1ccc(C(=CC2CCCCCC2)C(=O)Nc2nccs2)cc1 or Cl.N#Cc1cccc(CN2CCN(Cc3cc4cc(-c5cccnc5)ccc4o3)CC2)c1?",A,property_comparison
iupac,iupac,Which compound shows a lower molecular weight: O=C(O)CSc1ccc(S(=O)(=O)N2CCCC2)cn1 or NC(=O)NC(=O)Cc1cccc(NC(=O)CCl)c1?,B,property_comparison
iupac,iupac,"Given CC1(C)CC2OCC=C21 and COc1ccc(-c2nc3n(c2C(=O)Nc2nc(-c4ccc(F)cc4)cs2)CCS3(=O)=O)cc1, determine which has the lower molecular weight.",A,property_comparison
iupac,iupac,Determine whether CC[C@H](O)c1scc(Br)c1Br or Clc1cc(C2CCCNC2)c(Cl)cn1 has the higher value of molecular weight.,A,property_comparison
iupac,iupac,Compare CN1CC1C1CN=CO1 and Nc1nccc(F)n1 in terms of molecular weight. Which is lower?,B,property_comparison
iupac,iupac,"Which molecule demonstrates a lower value for molecular weight, COC(CC(CN)Nc1cc(C)cc(Br)c1)OC or O=C(NCCCN1CCCC1=O)c1ccc2c(=O)n(-c3cccc(Cl)c3)cnc2c1?",A,property_comparison
iupac,iupac,Compare C[C@@H]1[C@@H](N2CCCC2)CCN1C(=O)C[C@@H]1OCCc2ccccc21 and COC(=O)C1=COC2CC1CC1C(C(=O)OC)=COC(OC3OC(CO)C(O)C(O)C3O)C21 in terms of molecular weight. Which is lower?,A,property_comparison
iupac,iupac,Assess the molecular weight of CN(C=O)CC=O and CO[Si](C)(C)NC(C)(C)C. Which one is lower?,A,property_comparison
iupac,iupac,Assess the molecular weight of Cc1cccc(C(C)C)c1Nc1cnnc(N2CCC(C)CC2)n1 and FCCN1CCN(c2cccn3ccnc23)CC1. Which one is higher?,A,property_comparison
iupac,iupac,"For the property molecular weight, which molecule is higher: COC(=O)[C@@H]1C[C@@]1(Cl)OC or CN(CCCO)c1cc(C(F)(F)F)ccc1Cl?",B,property_comparison
iupac,iupac,Identify whether CCC=CCC=CCC=CCC=CCC=CCC=CCCC(=O)OCC or Cc1ccc(NC(=O)c2ccnc(Cl)c2)cc1-c1ccc(C(=O)NCC2CC2)cc1 has the lower molecular weight.,A,property_comparison
iupac,iupac,Assess the molecular weight of COc1ccccc1CNC(=O)c1c(O)c2cccnc2n(-c2ccccc2)c1=O and CC(C)c1ccc(NC(=O)c2ccc(CN3C(=O)CCC3=O)cc2)cc1. Which one is lower?,B,property_comparison
iupac,iupac,Compare C1=CC2[CH-][N+](=C1)CCCCCCCCCCCCCC1=CN(CC=C1)CCCCCCCCCCCCCC2 and OC12C3C4C1N4C32 in terms of molecular weight. Which is higher?,A,property_comparison
iupac,iupac,Compare Fc1ccc(CN(CCN2CCN(CCCc3ccccc3)CC2)c2ccc(F)cc2)cc1 and CC[C@@H](C)c1nc(N2CCN(C(=O)c3cccc(OC)c3)CC2)c2cnn(-c3ccccc3)c2n1 in terms of molecular weight. Which is higher?,B,property_comparison
iupac,iupac,"Given CCCCc1c(O)nc(N2CCN(Cc3ccccc3)CC2)nc1O and O=C(Cc1ccc2ccccc2c1)NNC(=O)c1cnc2ccccc2n1, determine which has the higher molecular weight.",B,property_comparison
iupac,iupac,"Given COCCn1/c(=N/C(=O)c2ccc(Cl)cc2Cl)c(C#N)cc2c(=O)n3cccc(C)c3nc21 and O=C1CC2=CCC3C1C23, determine which has the higher molecular weight.",A,property_comparison
iupac,iupac,"Given CCNc1cc(=N)n(CC)c2n[nH]c(N=Cc3cc(Cl)cc(Cl)c3O)c12 and Cc1nnc(SCC2OC(c3ccc(-c4ccccc4CN4C(=O)c5ccccc5C4=O)cc3)OC(c3ccc(CO)cc3)C2C)s1, determine which has the lower molecular weight.",A,property_comparison
iupac,iupac,Assess the molecular weight of COc1c(OCc2ccccc2)cccc1C1CCCNC1 and CCC[C@H](NC(=O)c1cc(Br)cs1)C(=O)O. Which one is lower?,A,property_comparison
iupac,iupac,"Given CCCCC/C=C\C/C=C\C/C=C\C/C=C\CCCCCCCCCC(=O)NC(COP(=O)(O)OCC[N+](C)(C)C)C(/C=C/CCCCCCCCCCCCC)OC(=O)CCCCCCCCCCCCCC/C=C\C/C=C\C/C=C\CCCCC and NC(=O)c1cccc(OCCCSc2nc3ccccc3[nH]2)c1, determine which has the lower molecular weight.",B,property_comparison
iupac,iupac,Which compound shows a higher molecular weight: OCC12CCC1OC2 or O=C(c1cnccn1)N1CCC[C@H]1c1nc(CCOCc2ccccc2)no1?,B,property_comparison
iupac,iupac,Compare C1=NCc2[nH]cnc2N1 and CCn1cc(-c2nc(CC(=O)Nc3cc(Cl)ccc3OC)cs2)c2cccnc21 in terms of molecular weight. Which is lower?,A,property_comparison
iupac,iupac,"Between CN(C)CCNC(=O)N1CCN(c2ccc([N+](=O)[O-])cc2)CC1 and O=C(N[C@H]1CCN(C(=O)CCc2ccccc2)C1)N[C@@H]1CC[C@@H]1c1ccccc1, which exhibits a lower molecular weight?",A,property_comparison
iupac,iupac,"Which molecule demonstrates a lower value for molecular weight, C.CC(CN(C)C)CN(C)C.CC(CN(C)C)CN(C)C.CCCCN.CCCCN.C[SiH](O[Si](C)(C)C)O[Si](C)(C)C.C[Si](C)(C)O[Si](C)(C)O[Si](C)(C)C or CC(NC(=O)c1cc(Cl)c(N)c(Cl)c1)C(=O)N1CCCC1C(=O)O?",B,property_comparison
iupac,iupac,"Given N=C1CCC(=O)N1 and CN(C)C(CC=Nc1cccc([N+](=O)[O-])c1)=C(C#N)C#N, determine which has the higher molecular weight.",B,property_comparison
iupac,iupac,"Which molecule has a lower molecular weight, CC(C)OC(=O)/C=C\c1cn(-c2ccccc2)nc1-c1cccc([N+](=O)[O-])c1 or C=CC(=O)N1CCC(Oc2cc3c(Nc4ccc(Oc5ccnc(N6C[C@H](OC)[C@H](OC)C6)c5)cc4F)ncnc3cc2OC)CC1?",A,property_comparison
iupac,iupac,"Given CCc1nnc(NS(=O)(=O)c2cnn(-c3ccccn3)c2)s1 and Cn1c(COc2ccc(C(C)(CCC(=O)O)c3ccc(OCc4ccc5ccccc5n4)cc3)cc2)nc2ccccc21, determine which has the higher molecular weight.",B,property_comparison
iupac,iupac,Assess the molecular weight of CCOc1ccc(S(=O)(=O)NC(=Nc2ccc(OC)cc2)c2ccccc2)cc1 and Cc1noc(C)c1-c1ccc2c(c1)nc(NCCCCNC(=O)[C@@H](O)C(C)C)c1nnc(C)n12. Which one is higher?,B,property_comparison
iupac,iupac,Compare CC1=CCCC(=O)N1 and CCN(C)c1cc(C)c(/N=N/c2nc3ccc(C)cc3s2)cc1Cl in terms of molecular weight. Which is lower?,A,property_comparison
iupac,iupac,"For the property molecular weight, which molecule is higher: CCOC(=O)c1c(-c2ccc(Cl)cc2)csc1NC(=O)CNCc1ccco1.O=C(O)C(=O)O or CC1=C(N)CCNC1=O?",A,property_comparison
iupac,iupac,"For the property molecular weight, which molecule is lower: CC1OCC(C)C(=N)O1 or O=S(=O)(/N=C(\NO)Nc1ccc(Cl)cc1)c1ccc(-c2cccs2)cn1?",A,property_comparison
iupac,iupac,Compare C#CC1OC2CCC=C12 and CC1(C)CNC(=O)c2nc(C3(c4ccc(Cl)cc4)CC3)[nH]c2C1 in terms of molecular weight. Which is higher?,B,property_comparison
iupac,iupac,Identify whether Cc1ccc(CN2CCN(c3ccc(N4CC(Cn5ccnn5)OC4=O)cc3F)CC2)s1 or CCNC(c1ccccc1)c1cc(Br)cc(Br)c1 has the higher molecular weight.,A,property_comparison
iupac,iupac,Assess the molecular weight of COCCNc1nc([C@H]2CCCN(CC(=O)NC3CCCCC3)C2)cc2ccccc12 and CC(C)(C)CCC1(C(=O)c2cc(Cl)c(Cl)cn2)CCNC1. Which one is lower?,B,property_comparison
iupac,iupac,"Which molecule demonstrates a higher value for molecular weight, CC(=O)Nc1ccc(CC(=O)N2CC(N3C(=O)[C@@H]4CC=CC[C@H]4C3=O)C2)cc1 or CCOCOC[C@@H]1CC(F)(F)CN1C(=O)OC(C)(C)C?",A,property_comparison
iupac,iupac,"Between CCCOC(=O)Cn1c(=O)oc2cc(S(=O)(=O)Nc3ccc(F)cc3Cl)ccc21 and CN(C)CCCS[C@@H]1Cc2cc(Cl)ccc2Sc2ccccc21, which exhibits a higher molecular weight?",A,property_comparison
iupac,iupac,Compare COC1C2C(O)C(O)C12 and CC(=O)NCC1C(c2ccc(C#CC(C)C)cc2)C(CO)N1Cc1ccccn1 in terms of molecular weight. Which is higher?,B,property_comparison
iupac,iupac,"For the property molecular weight, which molecule is higher: COc1ccc(OC)c2c1CCn1c-2cc(OCc2ccccc2)c/c1=N\CC1CCCO1 or Cn1nc2cc(Br)ccc2c1C(=O)N1CC(N2C(=O)C3CC=CCC3C2=O)C1?",A,property_comparison
iupac,iupac,Which compound shows a lower molecular weight: CC12CC1(O)CNC2=O or CC(=O)OC1CC2(C)C(CCC3C4CCCC4(C)CCC32)CC1O?,A,property_comparison
iupac,iupac,Compare CCCCCCc1ccc2c3c1C(=O)C(=O)C(C)=C3OC=C2C and O=[N+]([O-])c1ccc(Cl)cc1NCc1cc(Cl)ccc1Cl in terms of molecular weight. Which is higher?,B,property_comparison
iupac,iupac,Compare O=C(CCNc1ccc(-c2ccccc2)cc1)c1cccs1 and O=C(Cn1ccc2ccccc21)N1CCN(Cc2nc3ccccc3[nH]2)CC1 in terms of molecular weight. Which is lower?,A,property_comparison
iupac,iupac,Identify whether COc1cccc(CCCNC(=O)c2ccc(NS(=O)(=O)c3ccccc3)cc2)c1 or C=CC(CCCCC)[C@@](O)(/C=C/P(=O)(c1ccccc1)c1ccccc1)c1ccccc1 has the lower molecular weight.,A,property_comparison
iupac,iupac,Assess the molecular weight of NS(=O)(=O)c1ccc(C(=O)NCC(c2ccccc2)c2ccccc2)o1 and O=C(Nc1ncnc2c1ncn2[C@@H]1O[C@H](COCc2ccccc2C(=O)O)C2O[C@H](/C=C/c3ccccc3)O[C@@H]21)NC1CCCC1. Which one is lower?,A,property_comparison
iupac,iupac,"Which molecule demonstrates a lower value for molecular weight, CC/C=C\c1[nH]c(CN2CCCC23CCN(C(=O)OC(C(F)(F)F)C(F)(F)F)CC3)cc1C or O=CC12CC1(O)CO2?",B,property_comparison
iupac,iupac,"Given C#CC1(C)CC2CC21C and O=CCc1ccccc1, determine which has the lower molecular weight.",B,property_comparison
